,Time,0 h ,0 h 15 min,0 h 30 min,0 h 45 min,1 h ,1 h 15 min,1 h 30 min,1 h 45 min,2 h ,2 h 15 min,2 h 30 min,2 h 45 min,3 h ,3 h 15 min,3 h 30 min,3 h 45 min,4 h ,4 h 15 min,4 h 30 min,4 h 45 min,5 h ,5 h 15 min,5 h 30 min,5 h 45 min,6 h ,6 h 15 min,6 h 30 min,6 h 45 min,7 h ,7 h 15 min,7 h 30 min,7 h 45 min,8 h ,8 h 15 min,8 h 30 min,8 h 45 min,9 h ,9 h 15 min,9 h 30 min,9 h 45 min,10 h ,10 h 15 min,10 h 30 min,10 h 45 min,11 h ,11 h 15 min,11 h 30 min,11 h 45 min,12 h ,12 h 15 min,12 h 30 min,12 h 45 min,13 h ,13 h 15 min,13 h 30 min,13 h 45 min,14 h ,14 h 15 min,14 h 30 min,14 h 45 min,15 h ,15 h 15 min,15 h 30 min,15 h 45 min,16 h ,16 h 15 min,16 h 30 min,16 h 45 min,17 h ,17 h 15 min,17 h 30 min,17 h 45 min,18 h ,18 h 15 min,18 h 30 min,18 h 45 min,19 h ,19 h 15 min,19 h 30 min,19 h 45 min,20 h ,20 h 15 min,20 h 30 min,20 h 45 min,21 h ,21 h 15 min,21 h 30 min,21 h 45 min,22 h ,22 h 15 min,22 h 30 min,22 h 45 min,23 h ,23 h 15 min,23 h 30 min,23 h 45 min,24 h ,24 h 15 min,24 h 30 min,24 h 45 min
A01,Sample X1,8985,5675,4872,4735,4798,4587,4666,4476,4434,4488,4365,4256,4402,4407,4366,4373,4312,4421,4386,4357,4351,4209,4348,4339,4288,4385,4288,4344,4299,4367,4376,4365,4250,4361,4279,4334,4401,4175,4251,4274,4242,4238,4193,4352,4367,4245,4400,4372,4460,4277,4264,4288,4317,4331,4190,4254,4264,4277,4337,4190,4268,4365,4214,4355,4234,4377,4167,4309,4167,4182,4274,4324,4177,4326,4242,4228,4355,4263,4277,4219,4163,4273,4247,4259,4310,4315,4178,4384,4210,4241,4214,4359,4307,4212,4202,4301,4161,4198,4262,4261
A02,Sample X1,9499,6037,5460,5316,5020,5120,5104,4960,4957,5113,5054,4897,5077,4855,4825,4949,4951,4905,5010,4954,4849,4649,4865,4953,5089,4908,4947,5004,5018,4917,4949,4892,4894,4870,4888,4956,4982,4987,4898,5028,4881,4806,4861,4969,4851,4905,4968,4931,4793,4856,4854,4894,4986,4842,4869,4887,5023,4879,4922,4728,4965,4798,4921,4881,4757,4710,4556,4795,4789,4526,4775,4916,4852,4736,4786,4805,4874,4789,4777,4857,4881,4763,4951,4782,4835,4771,4688,4784,4711,4545,4576,4828,4628,4847,4742,4810,4795,4524,4779,4583
A03,Sample X1,9771,6128,5302,5264,5064,4840,4873,4959,4952,4904,4871,4853,4883,4936,4806,4729,4771,4751,4810,4814,4722,4725,4644,4667,4735,4700,4682,4671,4738,4705,4587,4585,4655,4646,4581,4550,4574,4569,4722,4623,4567,4604,4561,4681,4624,4634,4498,4727,4480,4569,4475,4620,4514,4545,4636,4612,4619,4769,4584,4444,4517,4555,4480,4615,4484,4479,4548,4595,4505,4551,4531,4546,4511,4583,4504,4533,4514,4496,4390,4415,4487,4423,4491,4439,4525,4516,4473,4428,4446,4426,4414,4600,4446,4434,4397,4486,4545,4320,4474,4544
A04,Sample X2,12642,8307,7323,7170,6938,6820,6975,6981,6808,6948,6840,6870,6877,6811,7012,7053,7154,7033,6895,7277,7026,7233,7112,7168,7268,7265,7043,7140,7272,7023,7122,7086,7045,7097,7149,7165,7225,7114,7230,7329,7216,7145,7315,7617,7997,9876,10589,12861,15120,16891,21807,28745,48188,85071,112040,128983,134481,140070,138348,139667,138293,137984,137689,137397,137781,136672,136451,135082,135990,133835,133516,133731,133133,131755,131776,132213,132017,132735,131581,130993,129911,129748,129387,128787,129414,127443,128584,128380,126747,126061,126325,126765,126191,125098,126270,124832,124543,124898,124288,124194
A05,Sample X2,13150,8695,7588,7389,7251,7164,7120,7241,7424,7326,7246,7365,7610,7473,7543,7365,7740,7311,7630,7771,7632,7467,7925,7577,7599,7642,7591,7940,7856,7908,7911,7595,7432,8034,7983,7845,7959,7743,8122,7745,8310,7402,8024,7925,7916,7567,7773,7994,7971,8012,7843,8242,7928,8236,8238,8369,8195,7851,8253,8187,7970,8431,8176,8335,8384,7983,7857,8394,7859,7951,8406,8610,8293,8407,8503,7907,8201,8064,8306,8866,9399,9881,22885,42901,67279,89948,111600,123781,128443,131927,134351,134706,136070,136345,136643,135421,136030,136398,136516,135903
A06,Sample X2,12846,8719,7639,7384,7293,7282,7235,7317,7172,7133,6983,7045,6933,7067,7051,6970,6881,6915,6833,6847,7074,6806,6896,6838,6906,6783,6703,6831,6845,6917,6872,6751,6736,6824,6781,6794,6828,6770,6810,6768,6865,6667,6930,6874,6995,6772,6866,6851,6920,6832,6843,7074,7104,7195,7348,7335,7384,7850,8025,8422,8987,9711,10691,11780,13417,15141,16877,19063,28245,56002,91838,131211,170054,172307,173178,173878,172157,169879,169447,170709,171728,168867,170356,168283,168984,166719,167000,166159,165814,165613,167467,167679,164821,165116,165493,164012,166747,163645,165396,163868
A07,Sample X3,13936,9268,8589,8353,8604,8821,8720,8697,8684,8851,8661,8591,8697,8643,8777,8659,8605,8518,8694,8833,8914,10721,16247,22594,30950,60230,106463,134448,147476,151949,147903,147610,146926,146154,146269,144760,143226,143847,141415,142129,140608,140462,138576,138161,138775,135737,135864,135153,133777,132563,133487,132460,130606,130134,128573,128024,125773,125905,124635,123982,123321,122020,121148,121049,119413,119081,118127,116853,117047,115460,115039,113565,113646,111614,112127,110569,110988,110320,110042,108932,107797,107580,107191,107582,107118,107199,106005,105679,104437,104267,104771,104484,104063,104392,103120,103223,102885,102762,104123,102748
A08,Sample X3,13786,9455,8753,8567,8725,8862,8714,8899,8760,8759,8714,8676,8569,8696,8745,8741,8430,8720,8665,8851,9098,10521,14404,19791,27154,34649,44180,57815,82572,104147,121156,128201,130839,130077,130698,130647,130702,130376,128500,130089,129097,128214,128696,127818,127510,126108,125474,126576,125808,125418,124610,124553,125200,124984,124316,123927,123777,124356,124111,122955,123732,122162,121359,122094,122321,122919,123117,122202,123015,122503,122508,121311,121907,121529,122488,120893,121878,121473,122502,122276,121690,121439,121207,122665,122361,121798,122134,121705,122028,121742,122630,122203,122453,121716,121354,121366,121482,120552,122524,122070
A09,Sample X3,13377,8812,7930,8277,8513,8499,8596,8607,8578,8594,8583,8424,8533,8377,8451,8586,8406,8502,8521,8516,8821,9046,11611,14578,20689,27040,35136,45732,104487,212036,247533,250232,252430,251588,251437,249908,249506,248876,246618,248826,247670,247745,247775,248776,249652,246325,246730,246572,246818,245663,245384,245278,245357,246587,245054,245062,243349,241966,244370,243528,240937,243532,239694,240453,242281,243560,241879,242326,241102,240626,242527,238632,241029,241668,242523,240530,240022,242205,238512,239430,242137,240128,241195,243440,239336,239436,240137,244129,239036,239176,241709,238906,239767,241668,238472,239886,239215,241178,241188,240238
A10,Sample X4,14061,9538,8858,8675,9389,9422,9347,9198,9876,9578,9571,9247,9368,9303,9808,9216,9233,9520,9304,10452,14814,19594,27007,36331,56278,109357,175208,188551,189196,190975,188688,188261,188491,187746,188429,188440,187866,186244,185330,189157,188639,187083,185864,184494,186439,187995,184838,185486,182500,184884,184945,182847,184858,185653,184589,183821,184528,186545,185704,181817,184695,184188,181515,182011,181687,182751,183748,183185,182853,182142,184167,182266,186602,185272,184221,183681,182002,183924,184031,183005,186333,182440,181088,185244,181499,185408,186165,182973,184563,183397,183585,182022,182108,183505,185165,183888,184225,181465,182680,185440
A11,Sample X4,13915,9118,8297,8500,8938,9109,9165,9206,9295,9295,9144,9230,9144,9262,9294,9320,9194,9214,9355,9267,9191,9534,11232,16019,24652,36401,48885,63431,82987,123018,148083,147683,147289,147519,147702,146217,146363,144779,143387,143555,141898,140987,139502,137560,136540,135850,134491,131886,131831,131123,132642,129024,129309,127556,126307,126481,127433,126705,124366,124138,123647,122082,125555,125032,123995,125188,122901,121357,119655,121904,116730,116951,117811,114820,115506,116783,113476,112738,116164,112248,111638,112746,112570,113139,110956,114743,112426,111076,109697,110881,110297,112842,111244,113086,111979,111753,110945,110020,109660,112462
A12,Sample X4,13636,9299,8408,9011,9130,9234,9366,9540,9482,9549,9581,9514,9668,9630,9449,9544,9703,9647,9683,9771,9808,9837,10377,13520,22657,33024,47640,63092,81093,104223,142251,151300,153738,154945,154506,154462,154045,156571,155157,155019,156745,155734,156179,159577,158903,156470,157535,159701,156383,158162,159707,157410,160953,159326,161645,157926,157452,160147,162350,158694,159531,164870,159743,157319,159684,161458,161817,161260,162830,165042,167794,163124,161747,161842,165672,164956,162203,164363,164716,164364,169487,165081,163691,171598,170064,171180,172440,170217,174696,170719,174298,171521,171718,172734,173788,171401,176396,174184,178277,177311
B01,Sample X5,15078,9525,7939,7433,7547,9682,9602,9183,9732,6600,7562,6944,9812,9658,9042,6416,6454,8677,7379,7904,7421,8367,7701,7809,9295,9451,9553,7379,7159,6466,6836,9311,9305,6952,7179,9905,7555,9440,7670,9168,8780,6043,9439,9916,7820,6802,7577,7846,9632,9852,7236,7696,9713,9358,7177,6796,9181,7682,7829,8999,6555,9328,6874,6775,8845,9663,9553,8685,9806,8721,6352,6759,10170,7475,9756,8795,9499,6754,6550,6887,8638,9737,10081,9814,9661,9321,9666,7196,7183,7286,6230,7525,9763,9833,7414,8642,7317,7807,8072,8029
B02,Sample X5,12857,8173,7308,6930,6868,6765,7030,6714,6890,6714,6696,6685,6780,6628,6721,6510,6335,6475,6360,6907,6481,6420,6709,6988,6646,6392,6257,6443,6519,6429,6770,6206,6427,6952,6556,6556,6476,6392,6702,6846,6179,6208,6407,6595,6315,6302,6544,6255,6489,6546,6122,6468,6064,6041,6715,6794,6899,6680,7024,5974,6502,6612,6798,6565,6440,6460,5994,6765,6910,7048,6567,6496,6821,7080,6573,6958,6852,7109,6138,6542,6456,5869,6849,6665,6591,7345,5909,6484,7267,7053,7162,7211,6822,6670,6079,7270,7258,5771,6459,6390
B03,Sample X5,13400,8514,7464,7110,6976,7030,7151,6873,6935,6835,7094,6985,6799,6717,6915,6788,6608,6710,6607,7387,6379,6634,6853,7356,7032,6986,7255,6932,7079,6768,6960,6976,6287,7169,6798,6704,7087,6774,6980,7487,7468,6504,7153,6750,6729,7284,7487,7594,6958,6968,6423,7156,6205,6165,7415,7400,7327,7728,7373,6076,6734,6841,7336,7603,6393,6538,6556,7116,7712,7232,7075,7689,7687,7494,7354,7806,7202,7329,7397,6630,7563,7206,7767,7080,7813,7610,6044,7502,7650,7539,7772,7767,6966,6078,7045,7726,7688,6730,6594,6867
B04,Sample X6,12961,8972,7760,7678,7401,7400,7640,7607,7489,7716,7616,7584,7579,7481,7527,7488,7346,7350,7376,7366,7441,7314,7250,7314,7240,7307,7319,7230,7297,7594,8197,8875,9698,12837,14644,21194,41515,86719,117338,134603,137511,139415,138892,138037,138884,137745,136974,137085,136377,133844,136459,134194,132738,133036,130372,130660,129859,130440,128836,131276,128441,128763,127669,126705,127020,127280,126434,127890,127404,126764,126457,125547,127287,124222,125141,126063,125574,125379,124783,125462,124533,125127,124016,125739,125064,123207,124159,122687,122664,122702,123027,122972,123045,122641,122382,122899,123698,121529,124303,122447
B05,Sample X6,13354,8945,8085,7828,7691,7735,7713,7934,7807,7784,7965,7891,7851,7888,7816,7781,7760,7692,7616,7623,7630,7729,7867,8684,11066,14148,22687,30869,41538,54032,80195,105026,126869,135742,140808,139748,142044,141259,141266,140728,139651,141800,140351,137704,139395,137842,139469,138745,137760,136558,137153,136769,134610,134264,136092,135328,134261,134558,134375,132754,134139,132341,131466,130837,132342,131116,133284,131063,130881,130250,130552,129651,129505,128847,129634,129850,129620,129217,129762,129952,128688,128297,127890,130280,128617,127207,129464,127701,128476,129707,128761,128618,128304,128186,129005,126987,126999,127708,127904,128798
B06,Sample X6,14120,9411,8015,7746,7782,7495,7568,7603,7578,7667,7438,7551,7516,7739,7663,7782,7784,7756,7757,7938,7833,7813,7877,7954,7904,7935,7995,7810,8126,8021,8020,8127,8023,8071,8040,8149,7966,8234,8095,8004,8116,8123,8026,8222,8259,8515,9103,10145,11625,12904,15690,22289,26466,32179,54998,75768,91389,102500,107267,110371,111258,111478,113214,113845,113451,113161,112521,115889,113052,112977,115033,115166,115730,114260,115180,111844,112841,112611,111016,113619,114001,112112,113497,111093,112647,113590,113644,112360,112688,111207,111822,111915,109586,110854,108277,111091,110084,109983,110010,109721
B07,Sample X7,14131,9586,8640,8504,8720,8920,8817,8744,9081,8936,8853,8790,8582,8861,8552,8587,8509,8356,8550,8542,8615,8868,10073,12314,15323,18954,24832,32069,55044,82579,105026,130115,133253,136134,135626,137506,136210,137546,135514,134808,134732,135926,135045,134940,135477,133710,135368,133941,131531,131371,133319,130524,132678,131333,130838,130388,129452,131188,130532,130090,130787,128507,128405,128862,127765,127793,127763,128215,128883,128766,127062,125835,127411,126222,126412,127316,126959,126020,126314,126535,125144,125796,124928,126969,125317,126485,126434,124746,126355,125134,124421,125045,125827,125173,124962,124812,124632,124642,125009,125863
B08,Sample X7,14526,9569,8541,8527,8716,8877,8647,8778,8842,8755,8721,8582,8512,8556,8682,8482,8408,8578,8545,8748,8736,9897,13119,16755,21842,29476,37023,45535,75039,162838,187159,186036,183494,182643,182034,180336,179473,179837,178150,179212,177471,174775,175121,173843,173874,174093,171253,172552,169384,169324,170226,168812,167719,169484,165748,167576,167345,167976,166675,164340,167555,164492,162114,162489,164725,164636,164119,162535,164076,164514,160731,160736,157678,159250,159399,160231,160532,157383,160420,158639,156699,159024,155720,156056,155048,154889,154862,154871,159275,155614,153239,154464,154661,156897,153445,155013,156920,153239,153922,152970
B09,Sample X7,14763,9808,9409,8600,8776,9334,9329,9083,9665,8962,9358,8865,9231,8668,8796,8716,9224,8438,8420,8831,9115,9166,9825,11076,15596,19028,23829,31309,39542,58531,109017,140837,160621,165763,164926,166015,163868,162479,162275,161148,158295,159256,158899,156987,154790,157236,154414,153009,153765,150754,151161,150667,149376,148396,147533,147213,145803,143265,143181,143369,142177,139733,140573,139323,138637,138095,138474,136340,135988,135468,134737,134762,133289,131272,131834,132890,130784,130081,130863,128019,128524,127513,127433,126157,125300,124997,125110,123901,122514,122254,121939,121713,120926,121359,120660,119067,119841,120046,118256,118675
B10,Sample X8,13166,8732,8043,7903,8352,8538,8411,8670,8678,8779,8825,8808,8759,8932,8992,9044,8892,8844,9092,9091,9087,9036,9070,9263,10095,12699,19177,28219,40190,55330,74245,87949,106886,129754,141503,145690,146370,148862,149516,148669,148894,151314,149252,149010,149196,147676,147937,147742,147171,145491,147542,147208,144942,145361,142945,143525,142421,141719,139886,140418,139708,138518,137529,137498,137377,137091,136577,134549,135362,134776,132691,132771,132202,130212,131721,131183,129085,130289,130512,126442,127549,125880,126244,126537,126509,123354,122890,121717,124158,120536,119980,119743,120565,120965,118540,118684,120632,119676,120807,123274
B11,Sample X8,13392,8989,8228,8777,9064,9240,9169,9249,9566,9361,9466,9496,9525,9617,9483,9466,9620,9634,9627,9501,9584,9783,10092,12803,20146,30188,44856,60470,80816,132809,136586,138866,137603,138414,136415,135788,133522,133564,132403,131055,130021,129053,127157,125800,124496,123656,123211,120990,121096,121478,119811,119030,119865,118097,115925,116716,116041,116022,115484,112893,112910,113132,110989,110749,112236,112102,109039,108922,112277,108117,107331,107288,107106,106185,106187,107800,110314,104878,107142,104769,103610,104995,105602,103585,105163,106668,107411,102695,102881,104642,106142,103516,107550,108705,107637,104092,105741,105719,102254,106947
B12,Sample X8,12947,8740,7923,8329,8772,8717,8992,9009,9367,9237,9218,9246,9321,9254,9421,9402,9556,9397,9544,9389,9591,9429,9650,10355,13567,18773,30007,42942,58732,79557,114884,148273,159741,160587,164181,162344,162560,163916,163126,162620,164747,165480,163500,163653,163913,165991,165167,163246,163596,163492,165406,164360,167139,163663,164534,163605,165337,165104,167443,166793,166830,164260,164612,164227,164841,164001,167294,165901,166972,169877,164699,168095,164625,163994,167193,165639,166590,166218,166519,167816,167335,166528,166112,169822,169608,171999,171058,169514,168720,165496,168136,165980,169564,170028,170539,167391,169629,169470,172541,169083
C01,Sample X9,8820,6453,6104,5880,5664,5747,5464,5356,5405,5374,5270,5293,5351,5459,5353,5219,5337,5803,5137,5329,5061,5446,5367,5407,5179,5045,4847,5121,5408,5126,5481,5266,5216,5434,5372,5227,5045,5138,5426,5011,5616,5598,5031,5402,5089,5201,5242,5312,5246,5058,5227,5086,5122,5013,4710,4608,4667,4616,5092,4602,5511,5430,5245,4719,4761,4698,4609,5263,4732,4698,4457,4820,5418,4951,4784,4907,4565,5149,5233,5404,4617,4691,5097,5307,5242,5116,5463,4818,5336,4647,4949,5138,4824,5226,4452,5442,5121,5175,5404,5551
C02,Sample X9,9476,6427,6022,5648,5399,5289,5547,5206,5605,5144,5475,5472,5348,5548,5478,5478,5488,5561,5231,5545,5487,5503,5381,5605,5602,5346,5606,5720,5485,5555,5700,5543,5605,5532,5557,5495,5342,5509,5451,5574,5646,5477,5392,5471,5345,5528,5458,5405,5107,4985,5336,5346,4824,4952,5162,5202,5182,4655,4438,4407,4975,5579,4705,5239,5333,5411,4600,4878,4951,4726,5240,5434,5273,5028,5163,5530,5546,4605,4675,5342,5266,4624,4791,4991,5507,4947,5369,4880,5178,4801,5249,5071,4423,5076,4884,4860,4919,5463,4950,5215
C03,Sample X9,10858,7782,6953,6670,6331,6223,6563,6377,6189,6164,6354,6207,6463,6411,6045,6318,6260,6049,6195,6450,6192,6213,5868,6045,6285,6348,5855,5816,5620,6077,6333,5818,6084,6308,6325,6225,6486,5347,6387,6015,6405,6659,5400,6316,6247,5991,6446,5610,6589,6339,5294,6630,5768,6116,6606,6326,6401,6478,6308,5276,6196,6504,6473,6513,4924,5543,6417,6511,5945,5449,6358,6527,6734,6033,6624,6131,5500,6631,6341,5988,6616,6463,6707,5641,6204,6545,6328,6400,6511,6455,6469,6433,6122,6989,6379,6978,6647,6514,6102,5959
C04,Sample X10,13772,8029,7238,6856,7013,6612,7163,6294,7200,6430,6880,7237,6286,6553,6487,7078,6073,7059,6108,6274,6903,6692,7001,6546,7729,6376,7232,7055,6811,6777,7066,5957,6287,7613,7070,6748,7154,7362,7190,7283,6386,6456,6740,6211,6560,6128,6466,6256,6772,6521,5949,6697,5710,6121,6519,6496,6612,6720,6505,6182,6654,6473,6459,6774,5689,5863,5825,6373,5804,6114,5947,6463,6505,5999,6268,6279,6677,6144,5877,6143,6114,5516,6315,5827,5793,5901,5599,6011,5796,5354,5834,6232,5917,6323,5751,6055,5860,5212,5804,5730
C05,Sample X10,13428,8194,7167,6750,6587,6583,7519,6474,6280,6140,7540,7205,6020,6428,5875,6480,6387,6109,5923,7145,6218,6085,6082,5584,6786,6574,5505,6464,6520,6216,6626,5485,5605,5503,6068,5849,6192,5709,6368,6374,5446,5579,5708,6239,6155,5321,6477,5928,6582,6592,6485,6381,6366,5559,6362,6036,6201,6718,6649,5833,6007,6676,5568,6717,5680,5896,6261,6531,5611,5925,5920,6454,6101,6001,5941,6286,6320,5947,6471,6719,6085,5608,6170,5914,6076,6683,6573,6695,6036,5303,5906,5899,6112,6115,5825,6516,5660,5343,6040,5901
C06,Sample X10,12157,8109,6966,6845,6662,6675,6389,6734,6499,6614,6560,6638,6557,6739,6713,6589,6766,6490,6650,6782,6701,6612,6615,6519,6818,6894,6653,6697,6802,6640,6685,6549,6537,6653,6807,6551,6714,6627,6803,6788,6501,6438,6623,6769,6754,6617,6610,6642,6845,6828,6675,6566,6649,6780,6885,6699,6682,6638,6731,6607,6811,6788,6682,6667,6591,6477,6576,6713,6594,6641,6631,6810,6691,6853,6716,6678,6495,6647,6434,6853,6666,6542,6717,6570,6643,6779,6773,6658,6500,6367,6516,6593,6393,6481,6481,6433,6509,6491,6584,6536
C07,Sample X11,10850,6671,6059,5749,5634,5586,5462,5569,5546,5283,5457,5433,5649,5630,5270,5487,5505,5281,5505,5349,5521,5346,5203,5259,5325,5444,5376,5496,5599,5631,5461,5347,5249,5367,5366,5538,5469,5610,5579,5480,5502,5329,5439,5579,5516,5396,5451,5434,5560,5607,5514,5450,5396,5546,5378,5398,5547,5403,5470,5202,5424,5547,5393,5463,5498,5342,5308,5437,5406,5391,5495,5446,5353,5477,5630,5468,5292,5598,5242,5324,5425,5470,5531,5329,5444,5544,5471,5348,5534,5460,5389,5530,5242,5297,5209,5349,5381,5396,5368,5321
C08,Sample X11,11946,7882,7273,7062,7048,7485,7510,7391,6769,7698,7437,7383,7537,7661,7840,7239,7982,6861,7720,8742,8510,7776,7745,8674,8536,8653,7916,7979,8761,8781,8980,8109,7371,9050,8844,8719,9133,8451,8962,9190,8673,7225,8651,9046,7130,7966,7423,9074,9289,9040,8866,9152,8737,8814,9381,9048,9053,9696,8679,7990,7457,8591,8662,7979,9826,9098,9760,10583,14620,16463,19785,28053,33163,43420,66008,85821,101769,111780,117137,120844,123080,125581,125034,123542,124394,123949,124750,122661,123788,123164,123699,122970,125064,124097,120140,122457,120865,119746,119739,123917
C09,Sample X11,12360,8269,7582,7253,7223,6767,6808,6674,6762,6755,6831,6578,6728,6592,6809,6723,7096,6947,6557,6851,7055,6824,6916,6847,6918,7098,6913,7222,7365,7178,7329,7226,7363,7174,7415,7288,7272,7247,7605,7525,7284,7438,7605,7516,7332,7323,7758,7389,7682,7442,7794,7855,7843,8340,9196,13389,15022,23298,44964,99707,157129,195004,207545,208647,209400,208987,211166,208770,209558,209617,208571,207796,209734,210597,209706,209591,209599,208888,210775,210768,210462,210103,209568,211575,210261,213864,211050,209307,212723,211416,210607,211509,215509,211126,211166,211545,212304,210886,211015,212184
C10,Sample X12,10097,6223,5373,5169,4973,5066,5055,4874,5058,5068,5238,5234,4878,4949,4738,5151,5010,4875,4929,4894,4899,4936,4757,4918,5057,5025,5040,4908,4940,4896,5011,5012,4885,4894,4951,5116,5011,4920,5156,5083,4914,4896,4891,4890,4944,5120,4881,4971,4995,4942,4872,4753,4721,4824,4973,4946,4976,4786,4715,4763,4833,5005,4868,4825,4745,4829,5024,4780,4829,4770,4923,4918,4859,4800,4955,4691,4702,4822,4752,4904,4969,4628,4820,4740,4833,4747,4722,4910,4731,4652,4822,4890,4705,4629,4741,4841,4805,4715,4878,4734
C11,Sample X12,10562,6865,5950,5798,5669,5708,5641,5477,5547,5450,5835,5948,5540,5660,5271,6030,5685,5478,5628,5631,5212,5250,5331,5534,5385,5418,5636,5387,5837,5878,5658,5366,5479,5489,5338,6049,5461,5244,6037,5336,5369,5061,5655,5437,5259,5541,5490,5774,5438,5575,5049,5261,5255,5050,5563,5271,5463,5431,5216,4992,5489,5657,5166,5558,5340,5176,5056,5365,5382,5068,5674,5484,5391,5137,5213,5219,5250,5123,5369,5407,5231,4989,5326,5142,5195,5191,5002,5388,5361,5131,5431,5322,5132,4932,5065,5057,5166,5215,5314,5034
C12,Sample X12,11435,7205,6642,6460,6417,6225,6031,5949,6281,6135,5853,5905,6110,6291,5847,5904,6230,6116,6293,6372,6407,5912,6078,6042,6164,6125,6052,6157,6182,6212,6233,6119,5799,6185,6094,6436,6132,5760,6261,6114,6135,5675,5984,5861,5857,5601,5646,5872,6256,5988,5650,5738,6026,6073,6208,6024,6142,5990,6135,5617,5872,6346,6112,6071,5645,6009,5636,6062,5654,5641,5953,6115,6056,5833,6240,5769,5602,5909,5624,6132,5890,5927,5947,5459,5929,5724,5692,5858,5965,6193,6254,5886,5462,5563,5564,5856,5711,5568,5886,5499
D01,Sample X13,12160,7989,7171,7141,6898,6737,6841,6763,6848,6771,6387,6726,6584,6560,6199,6433,6453,6632,6412,6277,6331,6527,6193,6613,6495,6433,6068,6524,6399,6463,6579,6144,6330,6223,6398,6303,6344,5946,6114,6352,5900,6439,6055,6330,5829,6188,6466,6189,6107,6304,5833,6410,6100,5591,6236,6302,5898,6330,5671,5820,6246,6166,6001,6110,5934,5903,5790,6156,6161,6063,5973,6003,6239,6023,6087,6203,5933,5931,6140,6218,5601,5819,5805,5617,5947,6041,5781,6062,6091,5880,6004,5977,5793,6061,5921,6053,5933,5947,6144,5880
D02,Sample X13,11485,7719,6882,6657,6413,6274,6262,6214,6340,6268,6313,6314,6652,6266,6286,6200,6317,6438,6242,6182,5951,6082,6696,6425,6414,6132,6294,6395,6418,5987,6159,5982,6414,6266,6309,6326,6256,6171,6253,6787,6125,5898,6196,6258,6000,5999,5889,6294,6081,5981,5978,6296,5955,6247,6069,5731,6088,6209,6310,5743,5972,5798,6203,6186,5866,5583,5695,5914,5606,5830,5687,5706,5713,5711,5823,5752,5771,5515,5664,5652,5793,5864,5743,5621,5798,5712,5606,5645,5722,5704,5758,5803,5800,5654,5560,5533,5638,5748,5495,5713
D03,Sample X13,12601,8262,7511,6967,7542,6814,7584,6767,7097,6805,7982,7099,8548,8771,7694,7373,6709,7179,7193,8503,7710,7261,7249,7818,8090,7473,7297,8313,8351,7960,8114,7617,7130,7271,6802,7732,7574,7057,7191,7345,6719,6739,6364,7456,7501,7098,6996,6904,7588,7443,7005,6606,7586,6906,7207,6250,7418,7493,7088,6285,7059,7538,6981,7602,6185,6099,6475,6765,6655,6402,7139,7162,6299,6600,7231,7129,6645,6703,6408,7205,6574,6832,7114,6457,6481,6827,5846,6701,6677,6647,6515,7169,6572,7034,6546,6803,6283,6486,6532,6292
D04,Sample X14,12557,8878,8267,7740,9005,7859,8333,8815,9037,9870,9924,9804,9342,8885,8930,10321,10007,10102,9299,9316,10516,9689,10632,11180,9589,8574,10673,10945,9869,9401,10873,9549,10281,10141,9990,10381,9705,6833,8109,10078,10422,8510,10251,8923,8955,9421,10512,7090,8072,7769,8588,8837,8956,7920,9902,8015,9864,7952,7596,9431,10016,8100,8175,8802,8232,10097,9321,8287,9974,9419,9443,8549,8858,7625,7752,7700,8787,7753,8337,9337,9986,8922,9599,9873,8338,9083,9398,8558,9481,9653,8581,7863,9097,7567,7709,8225,8766,7672,8627,8341
D05,Sample X14,25526,16280,17282,16766,16285,15796,15853,15774,15068,15264,16719,15397,15210,17610,14144,15937,16970,14073,16451,13677,16679,15124,17613,17406,15649,15297,15028,15309,14429,13253,14143,13846,14233,14839,15969,13192,15424,13885,14828,14408,14281,15178,12692,11976,13058,16133,13977,14777,12671,13226,11499,15653,12371,13272,14860,13996,12074,14005,13243,11757,13909,12143,11497,14432,12616,11922,13484,11562,12682,11333,15316,13762,14230,13165,12662,12479,13278,12121,13400,12139,12693,11619,13597,11539,14034,13320,12462,13292,13669,12337,11892,12383,12003,11033,12570,12480,11295,12789,11610,12705
D06,Sample X14,13302,9399,9011,8176,8905,8132,9833,8864,10617,9006,7762,8669,7622,9250,8838,7938,10595,10192,10332,9245,10146,7555,10128,7571,8112,7875,7584,8226,8024,7496,7535,7617,9154,9371,9186,8062,9643,8188,8824,10515,7982,8499,11082,8402,7845,8114,10135,9528,8328,8370,10794,10213,8394,9749,8517,9730,8925,8879,8907,8795,9440,9082,8418,8942,8751,9243,9998,9793,10839,8743,8295,9770,9133,10032,9347,9480,9250,11399,8834,9307,9350,9378,9567,8348,10760,9131,10253,11819,8448,9522,9227,9874,8687,9492,9048,9067,9647,9839,8223,9955
D07,Sample X15,6292,4520,4013,3890,3921,3921,3889,3901,3850,3712,3796,3792,3888,3897,3796,3789,3752,3683,3723,3653,3667,3727,3624,3691,3687,3706,3712,3840,3704,3673,3703,3650,3812,3752,3758,3773,3811,3734,3777,3813,3765,3758,3713,3813,3771,3689,3655,3713,3731,3886,3784,3763,3812,3753,3788,3708,3686,3723,3700,3852,3737,3712,3692,3704,3805,3745,3757,3814,3820,3702,3768,3791,3700,3783,3740,3759,3759,3742,3857,3785,3878,3850,3790,3787,3855,3764,3750,3743,3817,3730,3735,3807,3758,3739,3914,3816,3789,3772,3749,3827
D08,Sample X15,7066,4831,4446,3982,3879,3980,3865,3889,3808,3804,3788,3894,3953,3943,3880,3944,3860,3903,3824,3684,3730,3702,3636,3847,3714,3700,3702,3626,3681,3645,3627,3717,3628,3632,3662,3626,3606,3608,3696,3632,3657,3663,3645,3684,3708,3553,3686,3684,3595,3574,3554,3599,3654,3687,3573,3551,3609,3633,3551,3589,3612,3597,3606,3584,3607,3565,3589,3428,3577,3572,3610,3624,3478,3624,3645,3601,3552,3512,3536,3606,3587,3566,3542,3582,3554,3596,3655,3520,3568,3578,3578,3534,3601,3608,3571,3641,3635,3726,3630,3615
D09,Sample X15,11620,7261,6241,5874,5735,5694,5400,5450,5422,5381,5429,5361,5455,5389,5326,5976,5680,5276,5661,5534,5661,5222,5202,5532,5205,5306,5513,5349,5321,5345,5300,5190,5089,5502,5502,5529,5557,5336,5568,5355,5223,5115,5294,5223,5510,5424,5422,5510,5312,5204,5138,5134,5897,5224,5241,5421,5247,5507,5653,5341,5904,5682,5929,5760,5626,5652,5606,5870,5905,5745,6173,6008,5786,6198,6194,6015,5772,6144,5738,5925,6206,6005,5889,5598,6067,6207,6163,6313,6107,5776,6058,6294,5817,5822,5889,6074,5961,5757,5964,6172
D10,Sample X16,19893,10058,8868,8792,8471,8496,8743,8818,8604,9158,8739,8779,8958,8731,8241,8516,9126,8606,9279,9168,9297,8564,8688,9240,8868,9171,9150,8496,8374,9093,8942,8833,8481,9360,8724,9038,9420,8718,8905,8787,8753,8983,8333,8973,9235,8564,8991,9598,9063,9788,8500,9460,8417,9114,9394,9128,9331,9218,8862,8502,9002,8728,8701,9409,8773,8005,8877,9102,9411,8563,8926,8724,8995,8383,8431,8309,8608,9013,8994,8275,8850,8765,8525,8612,8870,8874,8761,8284,9267,8148,9311,8938,8126,8414,8780,9377,9370,8933,9131,8473
D11,Sample X16,8986,5396,4815,4635,4497,4475,4444,4208,4455,4380,4508,4371,4438,4217,4279,4410,4377,4275,4390,4214,4420,4242,4179,4165,4397,4344,4321,4320,4440,4298,4204,4355,4279,4218,4168,4361,4135,4121,4325,4502,4376,4130,4354,4483,4422,4304,4507,4468,4453,4306,4179,4161,4549,4496,4489,4359,4275,4128,4455,4334,4467,4366,4580,4464,4450,4375,4063,4488,4210,4323,4450,4427,4395,4292,4494,4366,4148,4301,4153,4314,4306,4321,4333,4121,4291,4351,4360,4238,4396,4270,4290,4276,4130,4185,4281,4317,4369,4187,4314,4351
D12,Sample X16,9594,5769,5290,5005,4915,5051,4897,4840,4800,4834,4760,4691,4805,4545,4684,4709,4751,4722,4806,4511,4529,4756,4645,4766,4584,4718,4733,4630,4759,4734,4646,4757,4647,4652,4565,4659,4681,4436,4770,4845,4824,4711,4797,4690,4663,4813,4789,4816,4739,4642,4652,4743,4857,4894,4839,4606,4668,4771,4732,4773,4389,4693,4659,4646,4651,4685,4707,4701,4691,4790,4767,4821,4801,4788,4600,4709,4709,4728,4522,4624,4667,4583,4736,4644,4712,4622,4709,4598,4525,4522,4680,4809,4786,4679,4592,4700,4776,4828,4637,4460
E01,Sample X17,10695,9594,9074,8503,8405,8015,8076,7267,8139,7868,7784,7450,7456,7562,7540,7466,7421,7281,7764,7726,7283,7319,6871,7526,7416,6794,7173,7533,7106,7235,7082,7188,7187,6962,7224,6743,7313,6991,7033,7407,7285,7328,7123,7303,7032,6748,6959,7061,7156,7121,6770,6747,7030,7131,7361,7149,6701,6867,6655,6595,7331,6985,6803,7092,6990,7072,7296,6665,6881,6993,6923,7214,6569,6943,6535,6939,6943,6906,6610,7055,7151,6710,6723,6572,6801,6535,6611,7001,6661,6688,6675,6684,6186,6567,6383,6290,6620,6729,6690,6507
E02,Sample X17,11431,7159,6471,6260,5799,5752,5759,5501,5614,5511,5464,5439,5681,5669,5180,5373,5140,5299,5692,5755,5570,5138,5277,5693,5778,5210,5224,5683,5646,5605,5722,5222,5136,5688,5686,5363,5417,4947,5594,5526,5395,5358,5217,5494,5440,5030,5597,5453,5519,5522,5783,5658,5251,5106,5541,5042,5713,5454,5606,5132,5679,5692,5582,5564,4970,5047,5519,5542,5083,4773,5547,5419,5737,5287,5616,5430,5588,5086,5775,5738,5520,4881,5530,5481,5536,4996,4852,5356,5485,5097,5586,5595,4775,5249,5327,5597,4657,4786,5730,4682
E03,Sample X17,17425,11887,10885,10246,11040,10964,10807,10726,10825,8816,8818,9859,10422,10348,9751,8944,10332,8878,10226,10819,9218,8596,9732,9351,9760,9292,9166,9211,9228,9156,8783,10026,8846,8779,9113,8856,8578,9654,9283,8768,8750,9152,9505,9313,8494,9202,9021,9104,9005,8470,8344,8928,9038,8313,8733,8709,8810,8577,8106,8338,7931,8784,8495,8927,7861,8418,8346,8634,8182,8502,8083,8270,8634,7445,7812,8275,8049,7782,7998,7653,7897,7939,8221,7738,8086,7901,7783,7776,7940,8049,7662,8639,9338,8120,6738,8440,7903,7060,8322,6834
E04,Sample X18,8420,6301,6253,5735,5727,5672,5536,5592,5432,5466,5371,5433,4934,5120,4957,4842,4775,4651,4581,4908,4598,4715,4739,4888,4787,4751,4442,4645,4589,4585,4510,4584,4599,4350,4266,4213,4399,4345,4242,4561,4311,4350,4208,4371,4324,4393,4231,4161,4186,4104,4125,4173,4256,4189,4203,4105,4258,4206,4177,4086,4089,4164,4379,4484,4071,4277,4089,4050,4232,4108,4066,4186,4115,4052,4153,3986,4242,4076,4164,4204,4133,4042,4340,4145,4245,4273,4225,4137,4122,4202,4159,4082,4243,4100,4299,4166,4141,4096,4061,4012
E05,Sample X18,7349,5665,5430,5218,5133,5138,5099,4971,5002,4970,4838,4797,4726,4743,4491,4493,4402,4507,4409,4217,4233,4152,4342,4253,4265,4168,4231,4143,4117,4142,4055,4158,4141,4101,4153,4046,4167,4052,4115,3990,4129,4021,3984,4017,3998,4179,4038,3997,4137,4048,4190,3930,4110,4043,3992,3949,4256,3923,4309,4118,4213,4285,3932,4131,4170,3864,4294,4254,4147,3991,4250,4005,4120,3888,3894,4188,4006,4033,4148,3935,3913,3983,4231,4162,3936,4054,4006,3954,4057,3923,3910,4230,3973,3867,3790,4046,3875,4238,3885,4229
E06,Sample X18,8624,5070,4728,4670,4671,4979,4798,4858,4697,4355,4432,4485,4984,4693,5015,4373,4650,4254,4834,5039,4603,4736,4758,4705,5130,4378,4554,5250,5621,5349,5166,4771,4904,4810,4929,5610,4843,5207,5548,4943,4658,4375,4647,5410,5486,4575,5884,5251,4914,5031,4640,4502,4557,5170,5867,4870,5190,4717,4751,5269,5492,4948,4453,5945,5282,4984,4448,5400,5060,5295,4864,5659,5463,5162,6008,5585,4552,5449,4820,5780,4863,4659,5678,5492,5748,6101,5924,5842,5728,5818,6031,5789,5449,4884,5321,5123,5766,5713,5829,5858
E07,Sample X19,8964,5599,5223,5335,5092,5540,5731,5528,5583,5593,5889,5650,5745,5307,5997,5448,5468,5679,5801,5867,6353,6514,5947,5958,6033,6515,6487,6426,6267,6683,5809,6098,6234,6465,6334,6687,6423,5918,6579,6421,5744,6379,6320,6618,6071,6151,5834,6380,6037,6568,5928,6181,6162,6359,6576,6491,6329,7231,7042,6308,6861,6710,6594,6599,6659,6213,6703,6591,6698,6319,6222,6219,6825,6095,6397,6377,6400,7144,6228,6412,6760,6428,6872,6325,6834,6095,6787,7224,6902,6040,6724,6577,5531,6230,5759,6056,7146,6453,6544,6569
E08,Sample X19,11971,8481,7793,7844,7874,8183,8037,8150,8001,8040,8138,8191,8121,8344,8260,8270,8037,8215,8118,8149,8131,8157,8159,8357,10384,14587,22158,31478,42975,55328,67455,79783,105477,168738,171572,172677,174830,172458,169947,170709,171346,170359,170838,169085,169309,172566,166781,165232,162643,165716,161681,162049,169340,161445,165075,164573,160922,163821,161689,160764,160624,160644,159607,157790,163760,156959,156494,155023,159776,160234,155331,154745,155362,154532,151771,154781,150804,152209,153223,150631,151164,150078,153709,149875,152994,154122,148074,150315,150300,148776,146556,147054,151664,152127,155140,151784,153781,149953,150695,150699
E09,Sample X19,9573,5830,5334,5234,5574,5491,5211,5798,5664,6020,5281,5323,5949,5774,5612,5447,5907,6028,5777,6143,6043,5998,5941,5724,5895,5711,6473,6644,6124,5732,6026,6193,5815,5852,6370,5904,6135,5872,6833,6030,5731,6624,6873,6313,6593,6753,6992,5256,6365,6894,6448,6717,6778,6629,6693,6918,6559,6096,6801,5964,6292,6837,6833,6486,6992,6602,6431,6874,5571,6392,6134,7012,7001,7219,5976,6631,6382,6470,5664,6499,6232,6233,6471,6260,6864,6613,6900,6392,5797,6028,5829,6758,5496,6370,6062,6349,6176,6122,6191,6316
E10,Sample X20,14323,9316,8491,7917,7324,7025,7977,6692,6975,6910,7548,7167,6658,7456,6534,7073,6529,7476,6778,6783,7678,7400,7231,7983,7686,6970,7569,7451,7647,8375,8041,6690,6999,8087,7413,7691,7953,7710,7837,7004,7940,6930,7974,7706,7327,7223,7315,7488,8046,7967,7534,7216,6511,7887,7805,6341,6903,7515,6491,6288,7493,7303,6687,7343,6399,6402,6790,6316,6608,6113,6878,7483,7338,8001,7125,7604,6966,6329,6651,6966,7390,7502,6787,6523,7462,8372,7693,7307,6169,6839,7634,7588,6900,6374,6410,7026,6977,6558,7346,6665
E11,Sample X20,13111,8862,8106,7826,8035,8458,7681,8045,8214,8373,8511,8834,8907,9233,9217,8319,9429,8964,9561,9115,9029,9333,9346,8703,8996,9633,9154,9203,9547,8837,9627,9286,9340,9397,9530,9188,9789,9628,9495,10090,9196,9711,10141,10044,9973,9423,9948,10169,9898,9668,9334,9570,10841,10421,10270,9774,9649,9758,11000,9684,10497,9717,10470,9931,10440,9400,9764,10565,9805,9523,10212,9838,10406,10641,9756,10315,10437,10272,9995,10610,10195,11179,10378,10108,10487,10313,10719,10545,11075,11253,10488,10783,10432,11117,11085,11517,11888,11815,12114,12702
E12,Sample X20,12289,8840,8115,8140,8445,8885,8573,8381,8877,8742,8967,8903,9162,9105,8891,8936,9396,9102,9154,8904,9216,9294,8929,9303,9158,9369,9264,9115,9404,9386,9269,9264,9439,9429,9596,9549,9419,9688,9347,9695,9834,9526,9828,9839,9725,9751,9678,9842,9819,9683,9659,9837,9997,9664,9931,9808,9804,9739,9951,9693,9886,9852,9954,9763,10055,9917,10306,10361,10587,11093,11612,12398,13081,13489,14131,15450,16171,16847,17554,18382,19338,20672,21299,22352,22667,23672,23538,24186,24776,24909,25843,26738,26169,26472,27135,27074,27530,26563,27396,27445
F01,Sample X21,9996,6221,5776,5438,5259,5242,5076,5055,4857,5062,4902,4813,4839,4873,4862,5071,4723,4960,4665,4779,4880,4789,4849,5014,4772,4807,4726,4891,4787,4709,4780,4600,4628,4507,4737,4578,4709,4760,4715,4658,4711,4830,4492,4713,4629,4597,4718,4673,4657,4601,4483,4680,4509,4564,4613,4706,4596,4737,4642,4565,4791,4762,4623,4745,4519,4658,4557,4531,4836,4637,4542,4608,4660,4581,4529,4452,4573,4599,4598,4640,4629,4503,4748,4705,4615,4442,4544,4623,4488,4514,4630,4713,4417,4539,4559,4606,4491,4505,4539,4492
F02,Sample X21,13327,8972,7733,7406,7070,6700,7044,6770,6790,6871,6619,6591,6501,6436,6535,6479,6283,6600,6498,6679,6318,6205,6540,6599,6357,6320,6329,6411,6240,6176,6420,6364,6015,6121,6445,6188,6523,5997,6035,6124,6131,6662,6405,6391,6074,6306,5958,5943,6593,6384,6415,6572,6014,6512,6289,6432,6463,6583,6224,6580,6632,6587,6388,6659,6365,6635,6274,6170,5909,5888,5939,6396,6453,6526,6398,6438,6345,6036,6650,6407,6610,6117,6566,5817,6541,6409,6386,6330,6248,5705,6436,6399,5984,6618,6570,6411,6596,6263,6421,6365
F03,Sample X21,8968,6014,5313,5209,5153,4904,4894,4937,4942,5070,4867,4846,4815,4945,4895,4926,4819,4917,4903,4960,4884,4841,4809,4932,4888,4675,4986,4952,4792,4607,4779,4727,4778,4863,4869,4771,4642,4816,4778,4827,4785,4753,4557,4704,4620,4616,4651,4635,4707,4754,4723,4632,4632,4884,4625,4601,4623,4844,4789,4611,4691,4727,4618,4734,4543,4748,4583,4611,4628,4592,4696,4627,4702,4615,4690,4734,4449,4630,4702,4694,4624,4666,4705,4738,4704,4679,4661,4704,4633,4675,4647,4690,4603,4581,4666,4621,4654,4534,4706,4516
F04,Sample X22,19641,13570,11821,10319,9675,9888,9444,9410,9723,9515,8815,8713,8655,8969,9145,8329,8381,8369,8412,8388,8732,8373,8406,8660,7920,7985,8285,8068,7939,7865,7821,7780,7883,7936,7655,7602,7306,7858,7405,7575,7769,7649,7534,7419,7784,7599,7432,7522,7561,7377,7442,7283,7330,7308,7263,7454,7222,7300,7177,7195,7151,7062,6879,7306,7238,7162,7107,6662,7069,7030,7064,7171,7107,7055,7139,6835,6840,6861,6782,6969,6912,6690,6973,6909,6880,6811,6672,6421,6540,6609,6803,6753,6737,6841,6781,6622,6653,6757,6568,6619
F05,Sample X22,17454,11188,10138,9122,8838,9331,9497,8106,9313,9375,9388,9047,9517,9525,9406,8851,8829,8583,8765,9255,9731,8692,8457,9298,8855,8905,9669,8799,9286,9286,9477,8506,8617,9647,9471,9055,9179,9139,8992,9034,8450,8821,9051,8709,8502,9018,8826,9196,8894,9186,9021,8487,8858,7999,8994,8974,9041,9103,8984,8713,8240,8794,8880,8594,7030,8546,8855,8757,8257,8479,8958,8619,8855,8654,9166,6951,7645,8853,8829,8662,8607,8072,8531,7600,8742,8556,8641,8007,8385,8794,8554,8352,8030,8108,8260,8573,6815,8231,8266,8255
F06,Sample X22,21194,14117,11551,10628,9678,10445,9646,9230,9435,9937,9269,9125,9771,9601,9616,8508,9070,8981,9316,9166,9680,7938,9039,8895,9398,9184,8847,8859,8582,8568,8845,8776,8423,8295,8786,7602,8838,8602,8263,8036,8052,7425,8319,8022,8454,8007,8212,7835,8271,7852,8166,8343,7921,7002,7657,7811,7841,6749,6660,7889,8077,8050,7733,7579,7858,7544,7728,7682,7747,7197,6920,7340,7676,6805,7670,7232,7521,7512,7423,7746,7253,7287,7518,7371,7314,7510,6997,6874,7077,7338,7399,7283,6716,7120,7306,7105,6688,7135,7374,7041
F07,Sample X23,11738,8510,7514,7667,7755,8119,7940,7970,8004,7892,7930,7892,7902,8009,7902,7866,7839,7640,7775,7774,7865,7783,7842,7924,7922,7721,7855,7661,7786,7863,7744,7949,7699,7818,7711,7729,7773,7676,7761,7856,7847,7791,7745,7828,7767,7712,7668,7859,7786,7667,7757,7763,7927,7706,7695,7767,7859,7739,7861,7841,7935,7730,7710,7704,7660,7718,7799,7903,7826,7702,7766,7714,7749,7853,7825,7810,7824,7764,7708,7812,7842,7962,7791,7831,7795,7879,7815,7872,7805,7806,7914,7999,7797,7796,7833,7953,8170,8195,8883,9024
F08,Sample X23,10811,7757,7022,6861,6770,6794,6759,6890,6844,6972,7024,6788,6830,7055,7173,7134,7333,6996,7244,7132,7263,7212,7176,7391,7116,7111,7062,7116,7314,7069,7095,7134,7119,7197,7117,7132,7124,7140,7171,7133,6967,7046,7084,7072,7070,7065,7004,7118,7185,7121,7171,7168,7196,7109,7083,7057,7091,7237,7291,7181,7231,7003,6999,6867,7246,7156,7159,7251,6997,7296,7242,7127,7074,7154,7010,7154,7083,7085,7215,7157,7180,7085,7152,7139,7208,7157,7313,7110,7232,7056,7043,7062,6967,7259,6993,7206,7112,7048,7038,7279
F09,Sample X23,12090,8581,7849,7445,7626,7980,7889,7852,7658,7844,7779,7706,7724,7760,7664,7715,7766,7600,7596,7776,7724,7608,7561,7707,7774,7821,7726,7731,7863,7630,7831,7695,7702,7676,7785,7845,7875,7866,7802,7908,7826,7703,7853,7930,7873,7808,7820,7842,7971,8220,7819,7854,7975,7897,7977,7932,7933,7941,8050,7945,7968,7961,7843,7837,7994,7888,8043,7955,7956,7898,8041,7931,8125,8146,8173,7973,7889,7957,7983,8079,8149,8170,7988,8047,8214,8184,8133,8302,8274,8107,8164,8108,8295,8294,8192,8630,8824,9357,10184,10541
F10,Sample X24,13179,8791,7664,7068,7005,6939,6638,6773,6687,6973,6806,6618,7025,6824,6660,7102,6966,6824,6996,7056,7063,6818,6800,6788,6850,7006,6727,6777,6855,6871,6997,6640,6676,6747,6875,6906,6915,6448,6792,6625,6532,6489,6778,6742,7083,6619,6410,6627,6729,6690,6662,6505,6691,6543,6681,6598,6583,6673,6908,6438,6543,6668,6755,6722,6948,6582,6499,6696,6307,6335,6846,6659,6228,6612,6611,6734,6470,6387,6315,6558,6660,6491,6419,6036,6405,6410,6493,6456,6275,6351,6450,6503,5913,6154,6605,6322,6413,6013,6347,6150
F11,Sample X24,11711,8370,7472,7626,7720,7963,7678,7853,7732,7850,7910,7897,8016,7993,7849,7963,8125,7878,7975,7902,8165,8020,8035,7939,8072,8105,8141,7990,8130,8241,7997,8234,8087,8067,8201,8145,8287,8208,8241,8205,8278,8309,8276,8309,8033,8090,8285,8287,8380,8471,8172,8302,8445,8428,8467,8391,8513,8315,8457,8278,8414,8485,8441,8405,8568,8262,8408,8601,8328,8422,8489,8431,8587,8625,8503,8548,8572,8750,8504,8592,8503,8737,8488,8745,8463,8646,8598,8666,8432,8509,8674,8481,8661,8473,8487,8520,8657,8587,8697,8759
F12,Sample X24,12283,8194,7361,7187,7185,7137,6886,6787,6913,6929,7147,7159,7402,7263,7295,7417,7339,7450,7505,7393,7574,7546,7497,7423,7629,7633,7541,7702,7568,7740,7705,7613,7685,7741,7742,7598,7672,7828,7741,7836,7779,7601,7654,7872,7929,7803,7931,7927,7947,7913,7813,7791,7983,7841,7975,7777,7771,7834,7872,7852,7774,7793,8012,7889,7899,7793,7785,8042,7832,7897,7932,7819,7845,7995,7950,7956,7818,8131,7864,7910,7998,7923,7799,7915,7996,7998,7975,7969,7859,7757,7918,7844,7930,7797,7902,7872,7858,7955,7866,8068
G01,Sample X25,14876,8421,7517,7531,7261,7189,7172,7076,7021,7204,6901,6743,6468,6577,6165,6257,6653,5806,5896,6058,6308,5615,5562,6418,5539,5818,5430,5347,5793,5735,5257,5188,5145,6202,6706,5154,6053,5082,5276,4904,4908,4870,4725,4762,4740,4721,5860,4885,5563,4720,4548,4932,4810,4541,5707,4778,4622,4475,4763,4601,4531,5738,4829,5622,4461,4467,4485,4331,4792,4776,4607,6051,4568,4377,4246,4380,4407,4498,4733,4812,5705,4650,5698,4543,5548,4400,4390,4484,4428,4275,4551,5709,4820,4632,4965,4408,4379,4630,4344,4339
G02,Sample X25,7950,5443,5193,5062,4823,4866,4928,4872,4810,4809,4633,4709,4683,4648,4567,4682,4632,4765,4630,4600,4597,4720,4470,4633,4567,4613,4596,4586,4402,4550,4428,4627,4584,4396,4469,4416,4420,4434,4519,4448,4451,4522,4475,4427,4463,4381,4445,4383,4388,4373,4384,4469,4398,4344,4306,4443,4492,4328,4374,4420,4424,4388,4403,4420,4347,4491,4283,4344,4397,4459,4472,4476,4361,4291,4334,4394,4286,4257,4313,4326,4291,4306,4309,4279,4410,4393,4279,4410,4197,4277,4234,4362,4324,4273,4241,4325,4329,4274,4311,4202
G03,Sample X25,10248,7016,6457,6513,6244,6326,6545,6698,6788,7064,7002,7108,7056,7006,7360,7271,7195,7386,7463,7564,7583,7399,7544,7662,7704,7518,7621,7621,7433,7480,7588,7595,7659,7682,7659,7677,7639,7497,7767,7736,7658,7741,7660,7536,7614,7720,7763,7798,7690,7837,7724,7620,7727,7599,7649,7802,7743,7806,7823,7664,7709,7823,7642,7809,7735,7709,7658,7733,7728,7739,7697,7896,7861,7850,7682,7720,7876,7624,7803,7623,7836,7669,7717,7787,7758,7595,7680,7733,7645,7770,7605,7820,7597,7673,7783,7751,7888,7802,7795,7614
G04,Sample X26,39640,19009,18371,16779,16899,19093,16792,18456,19232,17717,18648,21721,21333,19943,18498,19121,20092,19051,21993,23139,23430,20256,21102,22781,21588,23509,23983,22106,23232,20204,23479,21110,20072,21781,23471,19098,23532,22911,23456,23067,19654,20698,19756,22407,20568,18395,24689,22886,23778,23502,22495,21057,23665,19687,22087,23791,17809,21437,22833,20418,22514,24206,18934,22655,18778,19374,20426,20857,21593,21577,19895,22320,20272,21884,21651,19429,21705,21467,18366,24454,22903,19649,24505,21186,21441,21569,20978,23455,22750,20954,21266,22107,22154,19783,18935,22724,21457,19210,21639,21791
G05,Sample X26,17293,10664,9521,9733,9033,9513,11435,9831,8463,9851,10080,11154,9734,10831,9745,9243,11778,11412,9521,9821,12764,9653,11636,11240,12008,12604,12673,11028,10533,11926,12181,8777,9658,10570,11738,13861,10541,10748,12843,10309,12627,12102,10813,11154,11000,9109,12234,12593,13454,13088,12960,11485,12759,13108,13399,11426,14167,13198,14268,10451,13305,12291,12933,13724,8796,12682,8439,14385,11929,10331,13241,14054,12368,13007,13964,12607,11673,13552,10397,11246,13704,13500,14121,10071,13019,13461,13558,13378,12870,10111,10973,11483,11193,10981,10237,11695,13550,10671,12330,10735
G06,Sample X26,20052,12453,10820,10168,10155,9929,12716,10305,9525,11577,12555,11470,10073,9968,9547,11104,10063,12312,13658,13511,11729,10960,11285,12180,12622,9353,12050,11405,12848,13448,12702,10067,10349,9867,13005,13164,13490,9172,13117,13150,13853,12840,13063,15433,10690,12058,13762,12137,13622,13582,13488,13536,12833,13848,15070,12623,12402,15042,10743,11446,14940,14856,13143,12759,9054,11150,12525,15918,12775,9725,14115,15063,13955,12679,14292,10996,13000,13247,10757,14900,13501,12631,12439,12035,13663,13336,14370,13354,13534,12226,13669,11835,11338,11443,10446,14916,14148,10995,13457,11871
G07,Sample X27,10730,7648,7054,6666,6708,6767,6576,6599,6290,6726,6630,6744,6629,6754,6715,6839,6776,6801,6810,6818,6790,6850,6631,6773,6926,6806,6979,6780,7010,6940,6785,6977,6843,7135,6895,6899,6904,6969,6916,6848,6778,6852,6967,6791,7001,6728,6880,6910,6825,6850,6959,6865,6769,6762,6824,6832,6820,6903,6836,6828,6964,6874,6690,6755,7004,6978,6793,6877,6855,6828,7150,6675,6711,6854,6755,6852,6760,6688,6800,6731,6887,6964,6757,6944,6707,6941,7243,6991,7131,6785,6731,6632,6892,6768,6717,6902,7087,6720,6911,6764
G08,Sample X27,12282,8801,8101,7870,8205,8420,8303,8302,8324,8451,8520,8382,8498,8326,8351,8389,8685,8377,8760,8756,8370,9265,9034,8401,9308,9152,8272,9102,9343,9403,9065,8402,9310,9362,9282,8629,9233,8336,8397,8864,8799,8556,8632,8727,8607,8766,8422,8416,9029,8643,9680,8406,8579,9350,9771,9452,9813,9851,9017,9739,8603,8867,8632,9005,8694,8664,9250,9085,8814,8813,10331,9254,9901,10944,11542,11760,11820,12271,12563,14944,14609,15252,16137,17736,17923,19056,19743,20591,21769,21882,22801,24179,25373,24763,23243,24294,25011,23664,25364,26112
G09,Sample X27,11500,8227,7624,7296,7389,7490,7455,7424,7758,7667,7770,7547,7502,7703,7753,7750,8002,7591,7582,7848,7731,7695,7403,7657,7660,7659,7732,7828,7789,7917,7896,7729,7665,7820,7778,7693,8009,7880,7925,7940,7867,7799,8056,7967,7891,7832,7861,8032,7940,7976,7845,7910,8047,8002,8068,7916,8241,8212,8142,7903,8265,7930,7929,7870,7935,8015,8133,8155,7997,8178,8177,8176,8119,8190,8369,8071,8082,8206,8161,8216,8260,8321,8025,8303,8214,8797,8342,8408,8371,8290,8221,8235,8341,8324,8206,8374,8215,8500,8486,8514
G10,Sample X28,10862,8003,7590,7179,6947,6980,6767,6700,6667,6524,6648,6454,6609,6551,6462,6614,6462,6432,6382,6714,6771,6399,6566,6730,6579,6472,6546,6923,6692,6357,6643,6749,5685,6419,6960,6142,6853,6234,6635,6389,5915,6889,6018,6886,7021,6180,5951,5792,6196,6746,6502,7153,6057,6262,6797,6839,6947,6844,5662,5684,6340,6811,7162,6925,6217,6173,6475,7312,6689,5872,6840,6985,7131,7238,6962,5706,7141,6707,6938,6774,6481,6158,6717,5592,6565,6661,7104,6630,7095,6461,6517,6755,6035,6294,7090,6922,7100,6866,6872,5416
G11,Sample X28,11820,8403,7820,7717,8079,8013,7870,7732,7659,7860,7688,7615,7621,7641,7608,7413,7570,7276,7367,7418,7513,7398,7299,7063,7248,7172,7199,7181,7068,7029,6969,6920,6811,6952,6894,6915,7021,6931,6815,6760,6870,6882,6711,6804,6731,6562,6668,6693,6751,6664,6545,6522,6657,6531,6561,6451,6407,6458,6499,6392,6387,6367,6464,6288,6302,6404,6364,6340,6229,6294,6401,6225,6255,6329,6349,6207,6253,6368,6290,6258,6185,6232,6154,6214,6208,6131,6085,6152,6120,5938,5993,6081,5956,5978,6026,5987,5996,5937,5967,6001
G12,Sample X28,11380,8385,7679,7431,7492,7555,7474,7141,7181,7489,7876,7049,7541,7109,6525,7591,6505,6606,6457,6566,6286,6597,6672,7007,6543,6549,6386,6354,6685,6881,7292,6509,6244,7295,6845,6478,6393,6219,6552,6335,6315,6085,6487,6252,7303,7422,7192,5885,5839,5971,6656,6355,6409,6546,7048,5600,6789,6693,5643,5426,5994,6729,7041,7170,5643,5300,5937,6555,5631,5370,5496,6341,6796,6454,6527,5619,5358,5556,5985,5869,5531,5389,6628,5333,5963,5463,6863,6050,6873,5390,6959,6469,5562,5237,5342,5764,5778,5311,6323,5392
H01,Sample X29,17985,10651,9759,9597,9124,9216,9176,9427,7668,8984,9120,9652,11134,9546,8484,8880,7999,9405,10499,11664,9524,9174,9207,9410,9806,11883,9303,8659,8946,11977,9855,9312,9001,9369,8899,12484,9664,6812,9136,9585,8446,8894,8377,8461,9621,8754,10773,7267,8744,8155,6845,8809,6799,7996,9149,9615,11713,12772,9117,11459,11135,7202,10243,10501,9546,7844,7835,11760,9738,7156,9682,9892,10893,8849,10170,10248,9845,8946,11373,9395,12042,10332,11047,10971,10300,11916,10580,10347,8582,9243,10259,11817,10404,9893,9336,11793,10049,10753,11024,10438
H02,Sample X29,16821,10959,10171,10208,9575,9948,9283,9897,8735,10805,9621,7321,11493,9177,8001,7171,8071,9098,7119,11635,10772,6764,9334,10007,10443,10851,10319,10541,6776,10632,10038,6738,6707,9778,11432,9811,10910,6851,10917,9979,9449,9254,8074,9506,7065,9365,10940,8538,11707,11095,6887,11276,9564,8425,10270,10975,12834,11552,10998,10494,10902,11548,6425,10087,8131,9950,10336,9479,11665,12050,8135,7923,10288,10242,9590,9597,10583,9226,9546,10768,9324,8594,10197,10588,11685,10624,9887,10361,11118,11402,10759,12048,10251,10699,11764,12565,10885,10260,10928,10761
H03,Sample X29,10800,7776,7127,7006,6785,6962,7105,6891,7100,6987,7075,7233,6613,7300,6537,6759,7449,7038,6489,7147,6893,7160,6596,7251,6449,6460,7314,6411,6827,6847,7335,6917,7168,7214,7223,7213,6967,7113,7231,7266,7243,6975,7113,6834,7013,6905,6966,7214,7387,7481,7152,7194,6475,7107,7108,7179,6538,7542,7379,7361,7385,7237,7411,7466,7234,7156,7028,7395,7402,7383,7478,7556,7041,7308,7366,7313,7365,7325,7274,7782,7309,7414,7365,7214,7484,7310,7399,7364,7423,7361,7394,7272,7694,7389,7032,7476,7457,7358,7309,7424
H04,Sample X30,12340,8970,8821,8895,8846,8955,9025,9039,8960,9011,8985,8971,9012,8880,8911,9031,8865,8912,8944,9040,9039,8823,8869,8930,8819,9108,8933,8994,8851,9008,8849,8955,8741,8793,9097,9007,9127,9124,8915,8893,9055,9229,8802,8821,8810,8810,9109,8744,9015,8938,8966,9061,9019,9040,8895,9101,9160,9026,9106,9186,8971,9189,8979,8975,9226,9138,9147,8954,9147,9181,9143,9201,9112,9097,9163,9097,9074,8888,9200,9255,9219,9235,9211,9232,9289,9046,9113,9194,9240,9279,9252,9509,9446,9363,9367,9824,9791,10510,10790,10860
H05,Sample X30,13256,9209,7861,9513,8566,9195,8633,8283,8631,9196,8849,8958,10298,9129,8714,8383,9392,8252,8651,9830,10520,8424,8959,9731,10679,10173,9879,9877,10594,9416,10904,8259,8463,9203,9992,9839,9516,8784,10060,9451,8275,8855,10370,10595,8747,8552,10607,8130,8460,9646,8909,9351,8910,9180,7989,8710,8855,9647,9050,7323,9389,10600,9657,9573,8179,8094,7541,9694,8626,7720,9284,10078,9893,9852,10031,7591,7733,9266,7918,8362,9344,8444,9900,7685,10539,9091,8998,9121,9300,7752,8603,9405,7919,7299,7842,9093,9619,9026,9152,7997
H06,Sample X30,11801,8269,7752,7415,7926,7539,7435,8132,7941,8157,8064,7753,8519,8897,8875,8565,8372,9225,8840,9216,8459,8430,9219,8468,9134,8554,8651,8887,9141,9721,9110,9168,9524,10256,10245,9958,9801,9242,9915,9564,10103,9263,9926,10243,9519,10122,9383,9934,9843,10153,10629,9513,10561,10300,10771,10880,10536,11471,10223,10948,9887,11084,10630,11361,9991,9805,10015,9996,10602,9872,10001,10965,10282,11683,11553,10947,11840,10783,11633,10507,10402,11051,10884,10730,12093,12339,12958,12278,12636,13421,13289,13366,13708,14167,15983,14842,16296,16252,15598,16724
H07,Sample X31,12825,8917,8057,7587,7560,7492,7404,7229,7012,7110,7147,7141,7153,7531,7084,7011,7253,7071,7584,7659,7809,7041,7083,7001,7088,7295,7224,7110,7798,7529,7591,7256,7202,7967,7068,7985,8095,7454,7967,8004,8415,7050,8439,7645,7839,7178,7847,6826,7976,8059,7496,6772,7048,8391,8024,7850,7035,8035,7725,7290,7836,8130,7711,6962,7485,6866,6995,7139,7269,7093,7809,7924,6974,7951,7037,7392,7030,7100,6997,7055,6857,7219,6835,7078,7068,7426,7711,7868,7074,6975,7061,8158,6999,6977,7726,6821,7740,6882,7603,6722
H08,Sample X31,11948,8902,8249,7963,8140,8167,8365,8182,8334,8518,8470,8199,8121,8247,8293,8179,8360,8135,7857,8114,8298,8328,8287,8223,8187,8305,8247,8515,8453,8242,8374,8207,7912,8293,8181,8286,8309,8043,8348,8443,8718,8260,8382,8139,8449,8129,8477,8175,8389,8248,8275,8246,8183,8377,8182,8203,8150,8267,8191,8113,8233,8258,8187,8012,8114,8046,7918,8208,7958,8134,8099,8158,8253,8273,8267,8188,8182,8102,7944,8112,8151,8120,8028,8060,8146,8109,8162,8155,8149,8102,8152,8313,8566,8728,9251,9680,10283,11051,11947,12716
H09,Sample X31,12152,8682,7932,7662,8042,8104,7180,8059,7344,7925,7386,8836,8717,8246,7645,7975,8548,7242,9099,8714,9502,9243,9446,9346,9331,8879,8880,9449,8206,8379,9814,9376,9848,8652,9975,9541,9619,9717,9811,9844,9598,9852,9750,9124,8617,9411,8710,8012,9365,9659,10082,10000,8019,9370,9737,9678,9907,9755,9303,8748,9682,8781,9209,10044,9620,9554,9053,9307,7814,7790,9702,9477,8181,9564,10082,9417,8866,9679,7843,9859,9030,7858,8801,9668,9775,8343,9619,9398,8139,9318,8978,8501,8515,7827,9754,9943,8094,9763,8237,9261
H10,Negative control N,12080,8640,7958,8249,8387,8469,8368,8336,8349,8022,8324,8094,8172,8191,8083,8191,8069,8065,7998,8283,8042,8142,8020,7911,8176,8054,8041,8121,8076,8213,8174,8060,8097,8076,7940,7963,8017,7999,8072,7911,8048,7861,7983,7987,7880,7991,7923,7934,7956,7964,7846,7945,8136,7985,8035,7989,8094,7973,7793,7823,7936,8108,7922,7741,7939,7782,8021,8007,8012,7983,8011,8004,7836,7895,7958,7996,7778,7936,7873,7958,8006,7863,7888,7880,7917,7986,7750,7886,7907,7773,7983,8006,7972,8092,7950,8153,8187,8331,8450,8804
H11,Negative control N,12088,8692,7821,8055,8482,8341,8316,8202,8166,8213,8125,8069,7933,8084,7928,7907,7945,7952,7938,7985,7978,8025,7918,7765,7891,7894,7796,7955,7848,7865,7928,7964,7962,7815,7871,7828,7798,7570,7934,7851,7914,7793,7731,7770,7983,7793,7916,7894,7974,7939,7830,7878,7922,8012,7905,7876,7780,7897,7824,7780,7958,7888,7857,7918,7726,7850,7840,7989,7884,7891,7878,7794,7921,7986,8012,7894,7803,7780,7959,7943,8066,7932,7896,7943,7823,7849,8005,7966,8048,7894,8141,8034,8099,8224,8196,8257,8362,8452,8882,8898
H12,Negative control N,13146,9272,8727,8959,9184,9063,9076,8874,8924,8655,8786,8668,8564,8601,8420,8507,8539,8323,8287,8303,8376,8364,8354,8221,8321,8271,8337,8234,8375,8236,8190,8330,8168,8229,8121,8255,8213,8240,8337,8186,8263,8005,8195,8167,8170,8205,8025,8181,8012,8066,8065,8044,8169,8131,8237,8177,8034,7933,8153,8051,8040,7944,7920,7859,7981,7914,8060,8018,7945,8052,8093,8066,7981,8187,8074,8054,8068,7990,7986,8012,8054,7914,7951,7930,8065,7963,7983,8076,7989,7945,8024,7920,8015,8020,7984,7937,7902,7771,7887,8020