sample_no,site,week,year,high_calls,low_calls,all_calls,date,type,pair,sp
BL_037,BAL,29,2015,4804,3715.714286,8680.714286,15-Jul-15,bat,A,epfu
BL_051,BAL,30,2015,350.2857143,222.8571429,627.5714286,22-Jul-15,bat,A,epfu
BL_071,BAL,31,2015,72.28571429,92.85714286,178,29-Jul-15,bat,A,epfu
BL_085,BAL,32,2015,481.5714286,97.71428571,697.2857143,5-Aug-15,bat,A,epfu
BL_101,BAL,33,2015,1837,220.1428571,2232.571429,12-Aug-15,bat,A,epfu
BL_116,BAL,34,2015,580.6666667,1039.333333,1816.333333,18-Aug-15,bat,A,epfu
BL_129,BAL,23,2016,312,1222.571429,1906,31-May-16,bat,A,epfu
BL_144,BAL,24,2016,842.8571429,1870.285714,2973,7-Jun-16,bat,A,epfu
BL_164,BAL,25,2016,13.5,2625,3142,13-Jun-16,bat,A,epfu
BL_240,BAL,29,2016,47,4141.25,4213.5,12-Jul-16,bat,A,epfu
BL_259,BAL,30,2016,2664.857143,2267.857143,5061.857143,19-Jul-16,bat,A,epfu
BL_278,BAL,31,2016,2900.428571,179.2857143,3124.142857,26-Jul-16,bat,A,epfu
BL_298,BAL,32,2016,140.5714286,570.2857143,759.1428571,2-Aug-16,bat,A,epfu
BL_318,BAL,33,2016,807,1302.428571,2184.714286,9-Aug-16,bat,A,epfu
BL_338,BAL,34,2016,4000.285714,1095.571429,5256.714286,16-Aug-16,bat,A,epfu
BL_356,BAL,35,2016,3075.714286,2387.285714,5558.142857,23-Aug-16,bat,A,epfu
BL_376,BAL,36,2016,133,273.6666667,441.3333333,30-Aug-16,bat,A,epfu
BL_045,COO,30,2015,29081.33333,396.3333333,29638.83333,21-Jul-15,bat,B,epfu
BL_063,COO,31,2015,898.8571429,314.5714286,1331.857143,28-Jul-15,bat,B,epfu
BL_081,COO,32,2015,3310.571429,236,3735.285714,2-Aug-15,bat,B,epfu
BL_095,COO,33,2015,595.1428571,115.5714286,758.5714286,11-Aug-15,bat,B,epfu
BL_120,COO,34,2015,35.66666667,25.33333333,61,19-Aug-15,bat,B,epfu
BL_130,COO,23,2016,23716.71429,588.1428571,24376.71429,31-May-16,bat,B,epfu
BL_152,COO,24,2016,23694.57143,309.7142857,24056.14286,8-Jun-16,bat,B,epfu
BL_172,COO,25,2016,17638,402.7142857,18090.71429,15-Jun-16,bat,B,epfu
BL_190,COO,26,2016,19168.28571,351,19570.42857,22-Jun-16,bat,B,epfu
BL_208,COO,27,2016,8314.142857,316.8571429,8648.571429,29-Jun-16,bat,B,epfu
BL_228,COO,28,2016,32245.14286,718.7142857,32988.71429,6-Jul-16,bat,B,epfu
BL_247,COO,29,2016,12845.57143,878.7142857,13743.57143,13-Jul-16,bat,B,epfu
BL_266,COO,30,2016,3194.5,227,3436.75,20-Jul-16,bat,B,epfu
BL_286,COO,31,2016,4934.5,54,5013,27-Jul-16,bat,B,epfu
BL_306,COO,32,2016,1585.428571,31,1644,3-Aug-16,bat,B,epfu
BL_326,COO,33,2016,46.85714286,16.85714286,65,10-Aug-16,bat,B,epfu
BL_345,COO,34,2016,600.8571429,29.57142857,631.8571429,17-Aug-16,bat,B,epfu
BL_364,COO,35,2016,95.66666667,56.33333333,161.3333333,24-Aug-16,bat,B,epfu
BL_384,COO,36,2016,60,38.5,99.5,31-Aug-16,bat,B,epfu
BL_038,FOS,29,2015,6.8,7.8,14.6,15-Jul-15,bug,A,none
BL_052,FOS,30,2015,551.5714286,63.28571429,633,22-Jul-15,bug,A,none
BL_072,FOS,31,2015,2918.428571,41.57142857,2968,29-Jul-15,bug,A,none
BL_086,FOS,32,2015,3.857142857,21.14285714,26.14285714,5-Aug-15,bug,A,none
BL_102,FOS,33,2015,0.4,10.4,12.4,12-Aug-15,bug,A,none
BL_117,FOS,34,2015,14,13,33,18-Aug-15,bug,A,none
BL_132,FOS,23,2016,9,309,322.5714286,31-May-16,bug,A,none
BL_145,FOS,24,2016,16.28571429,186.5714286,208.4285714,7-Jun-16,bug,A,none
BL_165,FOS,25,2016,3.142857143,175.5714286,182.5714286,13-Jun-16,bug,A,none
BL_201,FOS,27,2016,1,185.8571429,190.8571429,28-Jun-16,bug,A,none
BL_221,FOS,28,2016,1.571428571,32.71428571,35.14285714,5-Jul-16,bug,A,none
BL_241,FOS,29,2016,2,32.6,36.4,12-Jul-16,bug,A,none
BL_260,FOS,30,2016,9.714285714,74.14285714,90.14285714,19-Jul-16,bug,A,none
BL_279,FOS,31,2016,7.2,16.8,24,26-Jul-16,bug,A,none
BL_299,FOS,32,2016,3.333333333,22.33333333,25.66666667,2-Aug-16,bug,A,none
BL_319,FOS,33,2016,1.333333333,5.666666667,9.333333333,9-Aug-16,bug,A,none
BL_357,FOS,35,2016,0,49,49,23-Aug-16,bug,A,none
BL_377,FOS,36,2016,0,37.33333333,37.33333333,30-Aug-16,bug,A,none
BL_397,FOS,37,2016,0,6,7.5,6-Sep-16,bug,A,none
BL_033,GOV,29,2015,1311.428571,1133.142857,2598,14-Jul-15,bat,D,mylu
BL_048,GOV,30,2015,1047.142857,444.5714286,1562.428571,21-Jul-15,bat,D,mylu
BL_066,GOV,31,2015,1515.714286,87,1633.857143,28-Jul-15,bat,D,mylu
BL_098,GOV,33,2015,2.666666667,4,18.66666667,11-Aug-15,bat,D,mylu
BL_112,GOV,34,2015,4,19,23,17-Aug-15,bat,D,mylu
BL_155,GOV,24,2016,46.85714286,89.14285714,161.7142857,8-Jun-16,bat,D,mylu
BL_193,GOV,26,2016,194.4285714,630.2857143,919.7142857,22-Jun-16,bat,D,mylu
BL_211,GOV,27,2016,245.6,388.4,645.6,29-Jun-16,bat,D,mylu
BL_231,GOV,28,2016,383,569.5,1025,6-Jul-16,bat,D,mylu
BL_250,GOV,29,2016,288.2857143,1621.428571,2064.571429,13-Jul-16,bat,D,mylu
BL_269,GOV,30,2016,260.7142857,1009.857143,1681.142857,20-Jul-16,bat,D,mylu
BL_289,GOV,31,2016,19.66666667,286.6666667,325.6666667,27-Jul-16,bat,D,mylu
BL_309,GOV,32,2016,0,2,4,3-Aug-16,bat,D,mylu
BL_329,GOV,33,2016,1.285714286,8.714285714,11.28571429,10-Aug-16,bat,D,mylu
BL_367,GOV,35,2016,2.2,30.6,32.8,24-Aug-16,bat,D,mylu
BL_387,GOV,36,2016,1.25,29.25,30.5,31-Aug-16,bat,D,mylu
BL_412,GOV,37,2016,2,37.33333333,39.66666667,9-Sep-16,bat,D,mylu
BL_043,HAL,29,2015,50.85714286,760.2857143,914.7142857,16-Jul-15,bug,E,none
BL_058,HAL,30,2015,63.28571429,958,1186.142857,23-Jul-15,bug,E,none
BL_078,HAL,31,2015,38.28571429,195.7142857,335.5714286,30-Jul-15,bug,E,none
BL_092,HAL,32,2015,49.71428571,164.7142857,260.5714286,6-Aug-15,bug,E,none
BL_125,HAL,34,2015,16.2,59,99.4,20-Aug-15,bug,E,none
BL_158,HAL,24,2016,17.42857143,302.7142857,330.4285714,9-Jun-16,bug,E,none
BL_177,HAL,25,2016,22,268,319.4285714,16-Jun-16,bug,E,none
BL_196,HAL,26,2016,24.28571429,94.28571429,176.8571429,23-Jun-16,bug,E,none
BL_214,HAL,27,2016,11.28571429,130.2857143,209,30-Jun-16,bug,E,none
BL_234,HAL,28,2016,78.42857143,437,560.4285714,7-Jul-16,bug,E,none
BL_253,HAL,29,2016,17.42857143,410.7142857,547.8571429,14-Jul-16,bug,E,none
BL_272,HAL,30,2016,27.57142857,478.1428571,627,21-Jul-16,bug,E,none
BL_292,HAL,31,2016,20.14285714,396.7142857,438,28-Jul-16,bug,E,none
BL_312,HAL,32,2016,11.71428571,76.42857143,96,4-Aug-16,bug,E,none
BL_332,HAL,33,2016,9.428571429,43.85714286,55,11-Aug-16,bug,E,none
BL_350,HAL,34,2016,5.857142857,16.85714286,24.57142857,18-Aug-16,bug,E,none
BL_370,HAL,35,2016,6.428571429,61.28571429,75.57142857,25-Aug-16,bug,E,none
BL_390,HAL,36,2016,5.333333333,45.16666667,52.33333333,1-Sep-16,bug,E,none
BL_005,HES,25,2015,4798.857143,162.1428571,5011.571429,17-Jun-15,bat,F,mylu
BL_018,HES,27,2015,6530.428571,75.28571429,6775.571429,1-Jul-15,bat,F,mylu
BL_023,HES,28,2015,18952.71429,163.5714286,19374,8-Jul-15,bat,F,mylu
BL_039,HES,29,2015,33839.71429,269,34339.85714,15-Jul-15,bat,F,mylu
BL_053,HES,30,2015,45395.14286,104,46166.71429,22-Jul-15,bat,F,mylu
BL_073,HES,31,2015,8164.714286,16.28571429,8626.285714,29-Jul-15,bat,F,mylu
BL_087,HES,32,2015,2750.428571,8.142857143,4184.571429,5-Aug-15,bat,F,mylu
BL_103,HES,33,2015,2053.714286,26.85714286,2504.571429,12-Aug-15,bat,F,mylu
BL_138,HES,23,2016,639.8571429,204,1104.571429,2-Jun-16,bat,F,mylu
BL_146,HES,24,2016,1366,184.5714286,1688,7-Jun-16,bat,F,mylu
BL_166,HES,25,2016,717.1428571,74.42857143,1033.142857,13-Jun-16,bat,F,mylu
BL_184,HES,26,2016,1677.142857,156.8571429,2174.142857,21-Jun-16,bat,F,mylu
BL_202,HES,27,2016,303.4285714,123,465.1428571,28-Jun-16,bat,F,mylu
BL_222,HES,28,2016,2210.428571,162.8571429,2484.285714,5-Jul-16,bat,F,mylu
BL_242,HES,29,2016,68.83333333,64.83333333,238.1666667,12-Jul-16,bat,F,mylu
BL_261,HES,30,2016,0,1,21,19-Jul-16,bat,F,mylu
BL_280,HES,31,2016,0,1.666666667,9.333333333,26-Jul-16,bat,F,mylu
BL_300,HES,32,2016,1,10.75,23.25,2-Aug-16,bat,F,mylu
BL_320,HES,33,2016,2,0,2,9-Aug-16,bat,F,mylu
BL_358,HES,35,2016,0.6,9.6,12,23-Aug-16,bat,F,mylu
BL_378,HES,36,2016,0,25.2,25.6,30-Aug-16,bat,F,mylu
BL_398,HES,37,2016,4,3,7,6-Sep-16,bat,F,mylu
BL_006,HOR,25,2015,24.57142857,158.8571429,185.1428571,17-Jun-15,bat,G,epfu
BL_010,HOR,26,2015,21.14285714,242,286.2857143,24-Jun-15,bat,G,epfu
BL_024,HOR,28,2015,7,538,4698.75,8-Jul-15,bat,G,epfu
BL_040,HOR,29,2015,21.28571429,301.7142857,350,15-Jul-15,bat,G,epfu
BL_054,HOR,30,2015,8.333333333,35.16666667,46.83333333,22-Jul-15,bat,G,epfu
BL_074,HOR,31,2015,0,8.5,8.5,29-Jul-15,bat,G,epfu
BL_088,HOR,32,2015,0,7.5,7.5,5-Aug-15,bat,G,epfu
BL_104,HOR,33,2015,0,18,18.66666667,12-Aug-15,bat,G,epfu
BL_123,HOR,34,2015,1.5,1,2.5,19-Aug-15,bat,G,epfu
BL_139,HOR,23,2016,8.142857143,251.5714286,292.7142857,2-Jun-16,bat,G,epfu
BL_147,HOR,24,2016,3.571428571,105.4285714,118.8571429,7-Jun-16,bat,G,epfu
BL_167,HOR,25,2016,8.333333333,67.33333333,102,13-Jun-16,bat,G,epfu
BL_185,HOR,26,2016,9,266.6,278.4,21-Jun-16,bat,G,epfu
BL_203,HOR,27,2016,5.833333333,546,552.3333333,28-Jun-16,bat,G,epfu
BL_223,HOR,28,2016,3.2,201.6,219.4,5-Jul-16,bat,G,epfu
BL_243,HOR,29,2016,0,153.7142857,177.8571429,12-Jul-16,bat,G,epfu
BL_262,HOR,30,2016,0,61.2,73.6,19-Jul-16,bat,G,epfu
BL_281,HOR,31,2016,0,0,3,26-Jul-16,bat,G,epfu
BL_301,HOR,32,2016,7,0,8,2-Aug-16,bat,G,epfu
BL_341,HOR,34,2016,3,0,3,16-Aug-16,bat,G,epfu
BL_020,KER,27,2015,2446,244.5714286,2794.142857,2-Jul-15,bat,H,mylu
BL_027,KER,28,2015,519.4,285.4,859.4,9-Jul-15,bat,H,mylu
BL_044,KER,29,2015,3099.333333,937.6666667,4361.333333,16-Jul-15,bat,H,mylu
BL_079,KER,31,2015,267.8571429,117.4285714,460,30-Jul-15,bat,H,mylu
BL_093,KER,32,2015,119.7142857,47.71428571,231.4285714,6-Aug-15,bat,H,mylu
BL_107,KER,33,2015,667.4285714,106.5714286,785.7142857,13-Aug-15,bat,H,mylu
BL_126,KER,34,2015,320.6,27,349.6,20-Aug-15,bat,H,mylu
BL_178,KER,25,2016,212.7142857,434.1428571,730.5714286,16-Jun-16,bat,H,mylu
BL_197,KER,26,2016,1306.571429,400.4285714,1842.571429,23-Jun-16,bat,H,mylu
BL_215,KER,27,2016,1037.666667,210.3333333,1362.5,30-Jun-16,bat,H,mylu
BL_235,KER,28,2016,6678.5,271,7540.5,7-Jul-16,bat,H,mylu
BL_254,KER,29,2016,345.6666667,190,967.6666667,14-Jul-16,bat,H,mylu
BL_273,KER,30,2016,279.3333333,693.3333333,1371,21-Jul-16,bat,H,mylu
BL_293,KER,31,2016,440.5,10.5,472,28-Jul-16,bat,H,mylu
BL_313,KER,32,2016,15.5,14.83333333,35.33333333,4-Aug-16,bat,H,mylu
BL_333,KER,33,2016,10.6,7.8,20.6,11-Aug-16,bat,H,mylu
BL_351,KER,34,2016,13.14285714,9.571428571,26.71428571,18-Aug-16,bat,H,mylu
BL_371,KER,35,2016,11.42857143,31.57142857,48,25-Aug-16,bat,H,mylu
BL_391,KER,36,2016,13.57142857,71.71428571,87.57142857,1-Sep-16,bat,H,mylu
BL_404,KER,37,2016,6.2,32.6,39.2,8-Sep-16,bat,H,mylu
BL_011,KIE,26,2016,3.142857143,13.85714286,39.14285714,24-Jun-15,bug,F,none
BL_025,KIE,28,2015,1143.285714,50.28571429,1395,8-Jul-15,bug,F,none
BL_041,KIE,29,2015,7539.428571,780.5714286,8528.857143,15-Jul-15,bug,F,none
BL_075,KIE,31,2015,781.2,3.8,2537.6,29-Jul-15,bug,F,none
BL_089,KIE,32,2015,38.8,17,75.6,5-Aug-15,bug,F,none
BL_105,KIE,33,2015,6,3,16.75,12-Aug-15,bug,F,none
BL_118,KIE,34,2015,1,3.5,4.5,18-Aug-15,bug,F,none
BL_140,KIE,23,2016,0.142857143,137.2857143,151.4285714,2-Jun-16,bug,F,none
BL_148,KIE,24,2016,81,61,149.6666667,7-Jun-16,bug,F,none
BL_168,KIE,25,2016,10.85714286,69.42857143,95.42857143,13-Jun-16,bug,F,none
BL_186,KIE,26,2016,3.142857143,13.85714286,39.14285714,21-Jun-16,bug,F,none
BL_204,KIE,27,2016,0,30.28571429,35.42857143,28-Jun-16,bug,F,none
BL_224,KIE,28,2016,3.571428571,45,68.28571429,5-Jul-16,bug,F,none
BL_244,KIE,29,2016,9.428571429,24.71428571,49.14285714,12-Jul-16,bug,F,none
BL_263,KIE,30,2016,2.333333333,10.66666667,21.33333333,19-Jul-16,bug,F,none
BL_322,KIE,33,2016,0,2,2,9-Aug-16,bug,F,none
BL_380,KIE,36,2016,0,7,7,30-Aug-16,bug,F,none
BL_028,OBS,28,2015,1558.285714,261.5714286,1903,9-Jul-15,bug,H,none
BL_059,OBS,30,2015,649.1428571,970.2857143,1673.571429,23-Jul-15,bug,H,none
BL_076,OBS,31,2015,75.42857143,245,336,29-Jul-15,bug,H,none
BL_108,OBS,33,2015,20.85714286,26.57142857,54.14285714,13-Aug-15,bug,H,none
BL_127,OBS,34,2015,8.6,6,15.2,20-Aug-15,bug,H,none
BL_160,OBS,24,2016,58.42857143,247.8571429,320.2857143,9-Jun-16,bug,H,none
BL_179,OBS,25,2016,32.71428571,95.71428571,135.2857143,16-Jun-16,bug,H,none
BL_198,OBS,26,2016,24,30.14285714,58.85714286,23-Jun-16,bug,H,none
BL_216,OBS,27,2016,289.5714286,59.42857143,360.1428571,30-Jun-16,bug,H,none
BL_236,OBS,28,2016,1752.285714,369.7142857,2137.571429,7-Jul-16,bug,H,none
BL_255,OBS,29,2016,2241.571429,162.1428571,2440.285714,14-Jul-16,bug,H,none
BL_274,OBS,30,2016,32.66666667,48.83333333,90.83333333,21-Jul-16,bug,H,none
BL_294,OBS,31,2016,3,5.166666667,8.666666667,28-Jul-16,bug,H,none
BL_314,OBS,32,2016,6,3,9.2,4-Aug-16,bug,H,none
BL_334,OBS,33,2016,1.8,7,8.8,11-Aug-16,bug,H,none
BL_352,OBS,34,2016,11.75,3.25,15,18-Aug-16,bug,H,none
BL_372,OBS,35,2016,43.71428571,28.14285714,72.42857143,25-Aug-16,bug,H,none
BL_392,OBS,36,2016,13.42857143,15.14285714,29.28571429,1-Sep-16,bug,H,none
BL_405,OBS,37,2016,3.333333333,32.33333333,36.33333333,8-Sep-16,bug,H,none
BL_014,RHO,27,2015,35.33333333,1001.333333,1405.333333,30-Jun-15,bat,C,epfu
BL_034,RHO,29,2015,240,351.2857143,618,14-Jul-15,bat,C,epfu
BL_049,RHO,30,2015,123.2857143,359.2857143,1562.714286,21-Jul-15,bat,C,epfu
BL_067,RHO,31,2015,55.71428571,139.4285714,505.2857143,28-Jul-15,bat,C,epfu
BL_082,RHO,32,2015,187.8571429,67.28571429,269.8571429,4-Aug-15,bat,C,epfu
BL_096,RHO,33,2015,11.33333333,22.16666667,33.83333333,11-Aug-15,bat,C,epfu
BL_124,RHO,34,2015,4.5,0,6,19-Aug-15,bat,C,epfu
BL_135,RHO,23,2016,400,766.7142857,1723.571429,1-Jun-16,bat,C,epfu
BL_156,RHO,24,2016,1296.714286,217.8571429,2232.714286,8-Jun-16,bat,C,epfu
BL_175,RHO,25,2016,1357.285714,369.2857143,2871.142857,15-Jun-16,bat,C,epfu
BL_194,RHO,26,2016,1248.571429,364,3032,22-Jun-16,bat,C,epfu
BL_212,RHO,27,2016,39.6,170.2,274,29-Jun-16,bat,C,epfu
BL_232,RHO,28,2016,10729.75,332.5,11375.5,6-Jul-16,bat,C,epfu
BL_251,RHO,29,2016,164.5714286,1052.714286,2664.714286,13-Jul-16,bat,C,epfu
BL_270,RHO,30,2016,0,101,223,20-Jul-16,bat,C,epfu
BL_310,RHO,32,2016,19,4,23.25,3-Aug-16,bat,C,epfu
BL_330,RHO,33,2016,3.4,3.8,7.6,10-Aug-16,bat,C,epfu
BL_348,RHO,34,2016,1,2.25,12,17-Aug-16,bat,C,epfu
BL_368,RHO,35,2016,7.714285714,19.57142857,30.42857143,24-Aug-16,bat,C,epfu
BL_388,RHO,36,2016,5.6,97.8,103.4,31-Aug-16,bat,C,epfu
BL_406,RHO,37,2016,2.5,14.75,20,8-Sep-16,bat,C,epfu
BL_001,SIL,24,2015,1028.285714,386.5714286,1516,10-Jun-15,bat,I,mylu
BL_004,SIL,25,2015,12593.42857,733.4285714,13891.42857,16-Jun-15,bat,I,mylu
BL_016,SIL,27,2015,754.6666667,567.3333333,1837.333333,30-Jun-15,bat,I,mylu
BL_035,SIL,29,2015,11426.28571,540,12174,14-Jul-15,bat,I,mylu
BL_060,SIL,30,2015,5692,370.7142857,6354.571429,23-Jul-15,bat,I,mylu
BL_068,SIL,31,2015,578.8571429,122.5714286,781.8571429,28-Jul-15,bat,I,mylu
BL_109,SIL,33,2015,948.8333333,10,970.5,13-Aug-15,bat,I,mylu
BL_113,SIL,34,2015,17,0,49,17-Aug-15,bat,I,mylu
BL_136,SIL,23,2016,225.1428571,329.5714286,792.8571429,1-Jun-16,bat,I,mylu
BL_161,SIL,24,2016,338.2857143,165.7142857,739.4285714,9-Jun-16,bat,I,mylu
BL_180,SIL,25,2016,90.57142857,246.2857143,386.1428571,16-Jun-16,bat,I,mylu
BL_217,SIL,27,2016,898.6666667,491.6666667,1544.166667,30-Jun-16,bat,I,mylu
BL_237,SIL,28,2016,7490.142857,3158,10754,7-Jul-16,bat,I,mylu
BL_256,SIL,29,2016,13805.71429,6221.571429,20189,14-Jul-16,bat,I,mylu
BL_275,SIL,30,2016,2334.857143,4233.571429,6784.571429,21-Jul-16,bat,I,mylu
BL_295,SIL,31,2016,60,17,92,28-Jul-16,bat,I,mylu
BL_315,SIL,32,2016,0,5,5,4-Aug-16,bat,I,mylu
BL_335,SIL,33,2016,85.6,4.8,102.6,11-Aug-16,bat,I,mylu
BL_373,SIL,35,2016,8,0.666666667,9.666666667,25-Aug-16,bat,I,mylu
BL_393,SIL,36,2016,20.6,1.2,33.4,1-Sep-16,bat,I,mylu
BL_407,SIL,37,2016,103.5,14,238,8-Sep-16,bat,I,mylu
BL_019,VOE,27,2015,749.2857143,484.1428571,1244.142857,1-Jul-15,bug,G,none
BL_026,VOE,28,2015,5733.285714,510.4285714,6252.285714,8-Jul-15,bug,G,none
BL_056,VOE,30,2015,11481.28571,2797.142857,14383.71429,22-Jul-15,bug,G,none
BL_090,VOE,32,2015,1715,269.7142857,2044.142857,5-Aug-15,bug,G,none
BL_141,VOE,23,2016,4.285714286,189.1428571,214.8571429,2-Jun-16,bug,G,none
BL_149,VOE,24,2016,6.285714286,71.71428571,78,7-Jun-16,bug,G,none
BL_169,VOE,25,2016,49.42857143,1334.857143,1394.142857,13-Jun-16,bug,G,none
BL_187,VOE,26,2016,11.42857143,5181.142857,5206,21-Jun-16,bug,G,none
BL_205,VOE,27,2016,16.28571429,2403,2453.285714,28-Jun-16,bug,G,none
BL_225,VOE,28,2016,4.285714286,2483,2498.714286,5-Jul-16,bug,G,none
BL_283,VOE,31,2016,41.42857143,3247.142857,3424.285714,26-Jul-16,bug,G,none
BL_303,VOE,32,2016,19.14285714,525.8571429,559,2-Aug-16,bug,G,none
BL_323,VOE,33,2016,5.5,395.5,408.1666667,9-Aug-16,bug,G,none
BL_342,VOE,34,2016,0,90.2,90.4,16-Aug-16,bug,G,none
BL_361,VOE,35,2016,23.42857143,503.2857143,540.7142857,23-Aug-16,bug,G,none
BL_381,VOE,36,2016,3.166666667,63.16666667,70,30-Aug-16,bug,G,none
BL_414,VOE,37,2016,8,183,200.25,9-Sep-16,bug,G,none
BL_009,WAR,26,2015,234.4285714,86.28571429,354.1428571,23-Jun-15,bug,D,none
BL_017,WAR,27,2015,21.42857143,68.42857143,115.7142857,30-Jun-15,bug,D,none
BL_022,WAR,28,2015,39.28571429,244.7142857,310.7142857,7-Jul-15,bug,D,none
BL_036,WAR,29,2015,46.85714286,91.57142857,181.7142857,14-Jul-15,bug,D,none
BL_050,WAR,30,2015,23,46.71428571,100.1428571,21-Jul-15,bug,D,none
BL_070,WAR,31,2015,3.142857143,11.85714286,39.28571429,28-Jul-15,bug,D,none
BL_084,WAR,32,2015,13.6,3.8,23,4-Aug-15,bug,D,none
BL_099,WAR,33,2015,2.5,6.333333333,9.833333333,11-Aug-15,bug,D,none
BL_115,WAR,34,2015,0,6,6,17-Aug-15,bug,D,none
BL_133,WAR,23,2016,1006.714286,160.1428571,1198.571429,31-May-16,bug,D,none
BL_157,WAR,24,2016,135.8571429,97.28571429,261.1428571,8-Jun-16,bug,D,none
BL_176,WAR,25,2016,302.5714286,36,360.1428571,15-Jun-16,bug,D,none
BL_195,WAR,26,2016,106.7142857,60.14285714,197.8571429,22-Jun-16,bug,D,none
BL_213,WAR,27,2016,45.5,28.5,114.3333333,29-Jun-16,bug,D,none
BL_233,WAR,28,2016,2415.75,19.5,2599.75,6-Jul-16,bug,D,none
BL_252,WAR,29,2016,518.8571429,99.71428571,829.8571429,13-Jul-16,bug,D,none
BL_271,WAR,30,2016,99.83333333,153,310,20-Jul-16,bug,D,none
BL_291,WAR,31,2016,12.85714286,4.285714286,23.14285714,27-Jul-16,bug,D,none
BL_311,WAR,32,2016,5.2,3.4,9,3-Aug-16,bug,D,none
BL_331,WAR,33,2016,0,0,2,10-Aug-16,bug,D,none
BL_349,WAR,34,2016,9,0,9.5,17-Aug-16,bug,D,none
BL_369,WAR,35,2016,2.5,6,10.5,24-Aug-16,bug,D,none
BL_389,WAR,36,2016,0,8.5,8.5,31-Aug-16,bug,D,none
BL_415,WAR,37,2016,0,0,1,9-Sep-16,bug,D,none
BL_002,WAY,24,2015,8.857142857,959.7142857,970.7142857,11-Jun-15,bat,E,epfu
BL_021,WAY,27,2015,6.285714286,2788,2803.714286,2-Jul-15,bat,E,epfu
BL_029,WAY,28,2015,63.5,3096,3183,9-Jul-15,bat,E,epfu
BL_062,WAY,30,2015,61.14285714,1508.714286,1590.428571,23-Jul-15,bat,E,epfu
BL_080,WAY,31,2015,41.85714286,253.8571429,296.4285714,30-Jul-15,bat,E,epfu
BL_094,WAY,32,2015,4.571428571,325.2857143,335.2857143,6-Aug-15,bat,E,epfu
BL_111,WAY,33,2015,4.333333333,104.5,109.8333333,13-Aug-15,bat,E,epfu
BL_128,WAY,34,2015,10.8,10.4,22.4,20-Aug-15,bat,E,epfu
BL_162,WAY,24,2016,0,369.6666667,386.6666667,9-Jun-16,bat,E,epfu
BL_199,WAY,26,2016,28.33333333,679,780.6666667,23-Jun-16,bat,E,epfu
BL_218,WAY,27,2016,241,1193,1520.142857,30-Jun-16,bat,E,epfu
BL_238,WAY,28,2016,1211.833333,2112,3332.666667,7-Jul-16,bat,E,epfu
BL_257,WAY,29,2016,2696,1129.571429,3837.285714,14-Jul-16,bat,E,epfu
BL_276,WAY,30,2016,755.2857143,449,1211.714286,21-Jul-16,bat,E,epfu
BL_296,WAY,31,2016,28.16666667,61.83333333,96,28-Jul-16,bat,E,epfu
BL_316,WAY,32,2016,22.85714286,52.42857143,75.57142857,4-Aug-16,bat,E,epfu
BL_336,WAY,33,2016,29.14285714,1166.714286,1196.428571,11-Aug-16,bat,E,epfu
BL_354,WAY,34,2016,167.5,18.5,222.5,18-Aug-16,bat,E,epfu
BL_374,WAY,35,2016,440.8571429,130.8571429,578.5714286,25-Aug-16,bat,E,epfu
BL_394,WAY,36,2016,63.14285714,31.42857143,97.28571429,1-Sep-16,bat,E,epfu
BL_408,WAY,37,2016,84.6,17.8,102.6,8-Sep-16,bat,E,epfu
BL_042,WIL,29,2015,1010.857143,181,1201,15-Jul-15,bug,J,none
BL_077,WIL,31,2015,2627.857143,21.57142857,2659.714286,29-Jul-15,bug,J,none
BL_091,WIL,32,2015,163.8333333,10.16666667,176.6666667,5-Aug-15,bug,J,none
BL_119,WIL,34,2015,1018,0,1081,18-Aug-15,bug,J,none
BL_142,WIL,23,2016,1180.428571,468.8571429,1743.714286,2-Jun-16,bug,J,none
BL_150,WIL,24,2016,581.8571429,145,740.5714286,7-Jun-16,bug,J,none
BL_170,WIL,25,2016,3808.285714,150.1428571,3986,13-Jun-16,bug,J,none
BL_188,WIL,26,2016,76.85714286,49.28571429,140,21-Jun-16,bug,J,none
BL_206,WIL,27,2016,16.42857143,114.8571429,133.2857143,28-Jun-16,bug,J,none
BL_226,WIL,28,2016,1827.142857,129.2857143,1968.571429,5-Jul-16,bug,J,none
BL_245,WIL,29,2016,1550.5,201.5,1797.75,12-Jul-16,bug,J,none
BL_264,WIL,30,2016,38.25,174.5,223.75,19-Jul-16,bug,J,none
BL_284,WIL,31,2016,10,42.85714286,56.28571429,26-Jul-16,bug,J,none
BL_304,WIL,32,2016,2.666666667,21.33333333,31.33333333,2-Aug-16,bug,J,none
BL_324,WIL,33,2016,6,2,8,9-Aug-16,bug,J,none
BL_343,WIL,34,2016,19.8,3,25.8,16-Aug-16,bug,J,none
BL_362,WIL,35,2016,726.5,21.5,749.3333333,23-Aug-16,bug,J,none
BL_382,WIL,36,2016,48,16,67,30-Aug-16,bug,J,none
BL_007,YEL,25,2015,8387.571429,437.1428571,9116.857143,17-Jun-15,bat,J,mylu
BL_012,YEL,26,2015,9596.285714,371.5714286,10087.28571,24-Jun-15,bat,J,mylu
BL_057,YEL,30,2015,447,877.7142857,1555.285714,22-Jul-15,bat,J,mylu
BL_100,YEL,33,2015,228,35.57142857,277.7142857,11-Aug-15,bat,J,mylu
BL_143,YEL,23,2016,323,309.4285714,659.1428571,2-Jun-16,bat,J,mylu
BL_151,YEL,24,2016,4586.857143,324.5714286,5434.428571,7-Jun-16,bat,J,mylu
BL_171,YEL,25,2016,6857,187.4285714,7373.571429,13-Jun-16,bat,J,mylu
BL_189,YEL,26,2016,6242.571429,133.7142857,6547.142857,21-Jun-16,bat,J,mylu
BL_207,YEL,27,2016,970.7142857,323.8571429,1364.857143,28-Jun-16,bat,J,mylu
BL_227,YEL,28,2016,14896.85714,275.8571429,15254.85714,5-Jul-16,bat,J,mylu
BL_246,YEL,29,2016,7143.142857,282,7895.428571,12-Jul-16,bat,J,mylu
BL_265,YEL,30,2016,1259.666667,92,1807.833333,19-Jul-16,bat,J,mylu
BL_285,YEL,31,2016,7.666666667,24.33333333,35,26-Jul-16,bat,J,mylu
BL_305,YEL,32,2016,10,0,10.66666667,2-Aug-16,bat,J,mylu
BL_325,YEL,33,2016,0,0,3,9-Aug-16,bat,J,mylu
BL_344,YEL,34,2016,0,5.5,9,16-Aug-16,bat,J,mylu
BL_363,YEL,35,2016,0,63,63,23-Aug-16,bat,J,mylu
BL_383,YEL,36,2016,4.5,15.75,25.75,30-Aug-16,bat,J,mylu
BL_401,YEL,37,2016,0,3.5,8.5,6-Sep-16,bat,J,mylu